OBJECT_NAME,OBJECT_ID,EPOCH,MEAN_MOTION,ECCENTRICITY,INCLINATION,RA_OF_ASC_NODE,ARG_OF_PERICENTER,MEAN_ANOMALY,EPHEMERIS_TYPE,CLASSIFICATION_TYPE,NORAD_CAT_ID,ELEMENT_SET_NO,REV_AT_EPOCH,BSTAR,MEAN_MOTION_DOT,MEAN_MOTION_DDOT
IRIDIUM 33,1997-051C,2024-01-22T21:49:56.943840,14.34234825,.0006329,86.3890,357.4716,319.2364,40.8358,0,U,24946,999,37944,.19632E-3,.57E-5,0
IRIDIUM 33 DEB,1997-051L,2024-01-22T22:03:45.084384,14.40357340,.0008928,86.4041,352.1037,274.1634,85.8545,0,U,33773,999,78407,.5967E-3,.1912E-4,0
IRIDIUM 33 DEB,1997-051N,2024-01-22T21:55:50.845152,14.37659022,.0013095,86.3684,343.0184,282.0817,132.0551,0,U,33775,999,78215,.93917E-3,.2841E-4,0
IRIDIUM 33 DEB,1997-051P,2024-01-22T22:38:30.581664,14.35773273,.0012781,86.4059,9.7669,304.2871,110.9355,0,U,33776,999,78175,.60036E-3,.1756E-4,0
IRIDIUM 33 DEB,1997-051Q,2024-01-22T21:50:39.198624,14.46837514,.0013537,86.3847,332.9626,64.9296,295.3310,0,U,33777,999,78528,.16569E-2,.603E-4,0
IRIDIUM 33 DEB,1997-051T,2024-01-22T22:54:19.212192,14.38306913,.000958,86.3455,325.7699,288.9163,181.2250,0,U,33850,999,78226,.88889E-3,.2724E-4,0
IRIDIUM 33 DEB,1997-051W,2024-01-22T17:02:05.043840,13.94141577,.0220465,86.0009,290.9818,185.9337,249.6538,0,U,33853,999,75714,.12052E-2,.1971E-4,0
IRIDIUM 33 DEB,1997-051X,2024-01-22T20:18:42.465312,15.46276777,.001863,86.1760,153.9703,285.3103,74.6095,0,U,33854,999,79583,.13105E-1,.697646E-2,0
IRIDIUM 33 DEB,1997-051AC,2024-01-22T19:20:17.672640,14.56057210,.003965,86.3368,317.4955,229.8501,129.9232,0,U,33859,999,78332,.33627E-2,.15007E-3,0
IRIDIUM 33 DEB,1997-051AD,2024-01-22T20:53:15.610848,14.52091145,.0012999,86.3913,328.5607,137.1459,276.9718,0,U,33860,999,78670,.20385E-2,.828E-4,0
IRIDIUM 33 DEB,1997-051AF,2024-01-22T22:23:24.984384,14.54201346,.0057659,86.4148,337.7453,261.3688,162.6018,0,U,33862,999,78748,.28964E-2,.12564E-3,0
IRIDIUM 33 DEB,1997-051AH,2024-01-22T13:47:14.885376,14.67251417,.0010176,86.2685,241.4778,26.9123,32.9485,0,U,33864,999,78839,.32995E-2,.18656E-3,0
IRIDIUM 33 DEB,1997-051AK,2024-01-22T19:55:58.028736,14.18706775,.0112561,86.3028,23.3189,203.7360,209.2373,0,U,33866,999,77004,.21949E-2,.4867E-4,0
IRIDIUM 33 DEB,1997-051AL,2024-01-22T19:52:39.364896,14.69329802,.0018826,86.4182,308.1121,333.9092,26.1172,0,U,33867,999,79204,.28053E-2,.16654E-3,0
IRIDIUM 33 DEB,1997-051AN,2024-01-22T21:39:15.934464,15.01261022,.0012868,86.2937,338.3557,229.1278,130.8840,0,U,33869,999,78253,.16077E-1,.2129E-2,0
IRIDIUM 33 DEB,1997-051AP,2024-01-22T23:05:34.987200,14.39331431,.0020214,86.3795,352.2305,309.6393,110.1322,0,U,33870,999,78199,.14225E-2,.4447E-4,0
IRIDIUM 33 DEB,1997-051AS,2024-01-23T02:38:55.676832,14.86928610,.0011824,86.3529,278.1322,282.9708,77.0196,0,U,33873,999,79185,.54045E-2,.48664E-3,0
IRIDIUM 33 DEB,1997-051AT,2024-01-22T19:36:04.658976,14.49911498,.0044776,86.2825,319.3818,127.6334,296.1767,0,U,33874,999,77844,.50772E-2,.19933E-3,0
IRIDIUM 33 DEB,1997-051AU,2024-01-22T15:14:46.965984,15.22704471,.0009534,86.3811,257.5982,348.6794,11.4234,0,U,33875,999,79843,.6142E-2,.145903E-2,0
IRIDIUM 33 DEB,1997-051BA,2024-01-22T13:01:17.793984,14.36040437,.0063158,86.3840,41.6489,300.5260,181.6499,0,U,33881,999,77522,.55053E-2,.16415E-3,0
IRIDIUM 33 DEB,1997-051BD,2024-01-22T19:24:20.625984,14.56129631,.0012702,86.3810,315.9215,158.9255,273.6994,0,U,33884,999,78733,.27377E-2,.12119E-3,0
IRIDIUM 33 DEB,1997-051BF,2024-01-22T22:01:24.960864,14.34486113,.0013944,86.3854,357.0965,350.4869,66.7067,0,U,33886,999,78157,.38871E-3,.1115E-4,0
IRIDIUM 33 DEB,1997-051BG,2024-01-22T18:52:16.430592,14.35933313,.0006279,86.3056,300.2615,358.0258,56.0698,0,U,33887,999,78259,.29259E-3,.868E-5,0
IRIDIUM 33 DEB,1997-051BH,2024-01-22T19:25:14.383200,14.71979825,.0024773,86.3136,308.3570,202.5855,157.4274,0,U,33888,999,78323,.75757E-2,.48048E-3,0
IRIDIUM 33 DEB,1997-051BM,2024-01-22T03:45:19.262016,14.91129662,.0005243,86.3374,272.1699,250.5640,109.5021,0,U,33952,999,79095,.49457E-2,.49359E-3,0
IRIDIUM 33 DEB,1997-051BN,2024-01-22T09:29:50.811936,14.44682691,.0019328,86.3934,350.5489,241.2363,245.8169,0,U,33953,999,78298,.16121E-2,.5618E-4,0
IRIDIUM 33 DEB,1997-051BU,2024-01-22T22:51:24.648768,14.56950696,.0068628,86.3566,359.3918,61.1519,299.6554,0,U,33959,999,77893,.83734E-2,.39022E-3,0
IRIDIUM 33 DEB,1997-051BV,2024-01-23T03:01:52.749408,14.57730665,.000203,86.2673,246.1446,301.1404,179.0592,0,U,33960,999,78748,.18417E-2,.8433E-4,0
IRIDIUM 33 DEB,1997-051CA,2024-01-22T18:18:30.510432,14.71494943,.0009391,86.3591,298.7787,333.7217,26.3522,0,U,33965,999,78866,.45487E-2,.28344E-3,0
IRIDIUM 33 DEB,1997-051CB,2024-01-22T22:06:24.729120,14.44188226,.000808,86.3967,340.6628,4.7249,52.9797,0,U,33966,999,78466,.10361E-2,.3574E-4,0
IRIDIUM 33 DEB,1997-051CE,2024-01-22T21:24:27.608544,14.43382103,.0005151,86.3495,316.1043,239.8223,120.2468,0,U,34071,999,78361,.10864E-2,.3684E-4,0
IRIDIUM 33 DEB,1997-051CL,2024-01-22T22:15:28.508256,14.48233955,.0011446,86.3949,350.9348,175.3592,238.7208,0,U,34077,999,78292,.22173E-2,.8301E-4,0
IRIDIUM 33 DEB,1997-051CN,2024-01-22T19:45:45.688608,14.58290568,.000838,86.3860,315.7532,166.7928,246.9076,0,U,34079,999,78837,.22941E-2,.10635E-3,0
IRIDIUM 33 DEB,1997-051CV,2024-01-23T03:06:40.667904,14.62793068,.0011057,86.3761,339.8889,191.7826,299.1365,0,U,34086,999,78446,.51932E-2,.26611E-3,0
IRIDIUM 33 DEB,1997-051CX,2024-01-22T22:03:31.925664,14.56624501,.001352,86.4006,337.5890,99.0638,320.8347,0,U,34088,999,78593,.31068E-2,.13904E-3,0
IRIDIUM 33 DEB,1997-051DA,2024-01-22T21:37:38.597088,14.43806537,.0068503,86.3627,10.8460,137.6018,223.0505,0,U,34091,999,77820,.2733E-2,.9597E-4,0
IRIDIUM 33 DEB,1997-051DG,2024-01-22T22:54:13.000032,14.25384268,.009393,86.2053,303.4522,71.6064,289.5312,0,U,34097,999,77322,.20677E-2,.5124E-4,0
IRIDIUM 33 DEB,1997-051DL,2024-01-22T23:22:19.173792,15.65167245,.0036268,86.3181,9.4834,126.8627,233.5975,0,U,34101,999,77929,.36421E-1,.4333395E-1,0
IRIDIUM 33 DEB,1997-051DM,2024-01-22T14:13:31.892736,14.47952199,.0083486,86.3675,47.4410,352.9623,126.4141,0,U,34102,999,77360,.61939E-2,.24084E-3,0
IRIDIUM 33 DEB,1997-051DR,2024-01-22T18:32:56.214240,14.68060222,.0012724,86.3568,290.8699,128.0961,293.0547,0,U,34106,999,78906,.32955E-2,.18985E-3,0
IRIDIUM 33 DEB,1997-051DS,2024-01-22T19:54:37.336320,14.75051957,.0007708,86.3702,299.1599,136.1091,291.6340,0,U,34107,999,78980,.54915E-2,.37175E-3,0
IRIDIUM 33 DEB,1997-051DY,2024-01-22T21:38:26.169792,14.33812710,.0059785,86.2156,277.4777,191.1337,168.8541,0,U,34145,999,77731,.12718E-2,.3626E-4,0
IRIDIUM 33 DEB,1997-051DZ,2024-01-22T19:23:25.692000,14.40996237,.0033972,86.2868,292.4500,354.2455,75.2972,0,U,34146,999,78142,.1604E-2,.5208E-4,0
IRIDIUM 33 DEB,1997-051EN,2024-01-22T20:28:58.234656,14.35140058,.0031316,86.3544,341.4856,30.5738,329.7275,0,U,34159,999,78051,.75421E-3,.2184E-4,0
IRIDIUM 33 DEB,1997-051ES,2024-01-22T19:21:50.649408,14.41936292,.0019699,86.3302,301.2219,264.1837,158.8428,0,U,34350,999,78338,.73113E-3,.2419E-4,0
IRIDIUM 33 DEB,1997-051ET,2024-01-22T18:33:20.331072,15.74190769,.0023725,86.3692,296.9078,115.3225,245.0509,0,U,34351,999,79315,.16775E-1,.2797219E-1,0
IRIDIUM 33 DEB,1997-051FA,2024-01-22T21:43:37.139808,14.76218116,.0021532,86.3167,272.7166,321.4118,161.4980,0,U,34358,999,78786,.46517E-2,.32443E-3,0
IRIDIUM 33 DEB,1997-051FJ,2024-01-22T23:13:36.250752,14.43122484,.0019909,86.3763,346.5190,286.3718,141.9103,0,U,34366,999,78195,.19409E-2,.6549E-4,0
IRIDIUM 33 DEB,1997-051FT,2024-01-22T04:20:47.357952,14.15399188,.0107308,86.4302,100.7054,156.8739,233.9684,0,U,34375,999,76934,.68272E-3,.1426E-4,0
IRIDIUM 33 DEB,1997-051FU,2024-01-22T19:21:50.917248,14.44690424,.0034733,86.3058,311.9566,340.5252,19.4620,0,U,34376,999,77983,.32426E-2,.1135E-3,0
IRIDIUM 33 DEB,1997-051GB,2024-01-22T20:43:38.432928,14.62450062,.0018574,86.4090,320.7474,25.6615,38.7920,0,U,34486,999,78800,.27847E-2,.14168E-3,0
IRIDIUM 33 DEB,1997-051GC,2024-01-22T06:54:20.238336,14.41243015,.0029563,86.3455,309.0547,250.4800,238.3282,0,U,34487,999,78296,.43653E-3,.1436E-4,0
IRIDIUM 33 DEB,1997-051GD,2024-01-22T16:06:08.709696,14.68049478,.0019395,86.3403,266.6725,311.0501,48.9037,0,U,34488,999,78962,.23401E-2,.13496E-3,0
IRIDIUM 33 DEB,1997-051GE,2024-01-22T18:02:47.552928,14.80672804,.0040052,86.3939,23.1407,350.8312,9.2173,0,U,34489,999,77947,.1157E-1,.91215E-3,0
IRIDIUM 33 DEB,1997-051GH,2024-01-22T15:11:47.524416,14.00288972,.0267872,86.4865,247.0308,261.8537,154.2454,0,U,34492,999,75314,.45863E-2,.9272E-4,0
IRIDIUM 33 DEB,1997-051GN,2024-01-21T20:59:35.103840,14.22958464,.0088236,86.2814,346.3420,38.4150,351.5513,0,U,34497,999,77175,.15395E-2,.3623E-4,0
IRIDIUM 33 DEB,1997-051GU,2024-01-22T14:11:41.981568,14.76009512,.0015847,86.3087,234.5707,90.5616,269.7418,0,U,34503,999,79156,.25278E-2,.17488E-3,0
IRIDIUM 33 DEB,1997-051GZ,2024-01-22T17:53:27.051072,14.29878044,.0070569,86.3739,32.9650,263.4041,95.9116,0,U,34508,999,77418,.19237E-2,.5102E-4,0
IRIDIUM 33 DEB,1997-051HC,2024-01-22T20:37:16.794624,14.74061734,.0028007,86.3788,325.7019,38.0535,15.6543,0,U,34511,999,78537,.5956E-2,.39644E-3,0
IRIDIUM 33 DEB,1997-051HN,2024-01-22T19:55:11.055648,14.50102786,.0008228,86.3865,330.8960,71.0278,289.1817,0,U,34521,999,78427,.19989E-2,.778E-4,0
IRIDIUM 33 DEB,1997-051HR,2024-01-22T06:10:04.564992,14.82950837,.0026176,86.3300,291.0973,29.3936,330.8752,0,U,34524,999,78628,.62813E-2,.51618E-3,0
IRIDIUM 33 DEB,1997-051HS,2024-01-22T20:52:50.500416,14.39386854,.0003859,86.3772,340.3571,169.8578,251.1541,0,U,34525,999,78151,.71425E-3,.224E-4,0
IRIDIUM 33 DEB,1997-051HW,2024-01-22T20:21:07.365888,14.39010786,.0004738,86.3675,329.0286,332.9751,27.1200,0,U,34529,999,78214,.46276E-3,.1447E-4,0
IRIDIUM 33 DEB,1997-051JF,2024-01-22T19:08:00.468960,14.35373969,.0043674,86.2794,305.9552,67.7031,346.7454,0,U,34538,999,77832,.14141E-2,.4119E-4,0
IRIDIUM 33 DEB,1997-051JH,2024-01-23T04:08:52.552608,14.58926334,.0024506,86.3193,258.0110,24.0381,105.0574,0,U,34540,999,78952,.11603E-2,.5481E-4,0
IRIDIUM 33 DEB,1997-051JU,2024-01-22T18:55:27.700320,14.88092743,.0020606,86.3683,308.6871,346.4034,13.6634,0,U,34643,999,78483,.78012E-2,.727E-3,0
IRIDIUM 33 DEB,1997-051JZ,2024-01-22T11:24:53.495424,13.95527317,.0215672,86.4104,196.1102,282.7694,74.9456,0,U,34648,999,75278,.30494E-2,.5046E-4,0
IRIDIUM 33 DEB,1997-051KC,2024-01-22T21:29:51.427968,14.10923251,.0176816,86.2883,70.5884,236.0500,122.3769,0,U,34651,999,76114,.34054E-2,.7089E-4,0
IRIDIUM 33 DEB,1997-051KD,2024-01-23T00:04:47.154720,14.52027183,.0036053,86.3349,284.4576,104.8692,314.6387,0,U,34652,999,78592,.11484E-2,.4701E-4,0
IRIDIUM 33 DEB,1997-051KM,2024-01-22T21:52:07.415616,14.47957228,.0009664,86.3852,335.0360,152.7198,269.4958,0,U,34690,999,78085,.19367E-2,.7208E-4,0
IRIDIUM 33 DEB,1997-051KQ,2024-01-22T16:41:28.246848,14.67196233,.0020337,86.3322,265.0851,321.8491,92.6507,0,U,34693,999,78644,.2381E-2,.13473E-3,0
IRIDIUM 33 DEB,1997-051KT,2024-01-22T08:15:53.103168,14.28390000,.0118068,86.2049,337.5894,297.1301,217.1546,0,U,34696,999,76703,.80943E-2,.21863E-3,0
IRIDIUM 33 DEB,1997-051KZ,2024-01-22T13:30:32.900256,14.76043413,.0032625,86.3037,223.1030,163.1670,197.0640,0,U,34702,999,79141,.25697E-2,.17912E-3,0
IRIDIUM 33 DEB,1997-051LJ,2024-01-21T20:04:18.255360,14.36909542,.0016562,86.3427,328.3001,337.0701,51.7123,0,U,34765,999,77679,.92388E-3,.2755E-4,0
IRIDIUM 33 DEB,1997-051LS,2024-01-22T20:11:43.137600,14.80837674,.0005711,86.4014,325.6280,247.8631,112.1984,0,U,34773,999,78822,.62119E-2,.48241E-3,0
IRIDIUM 33 DEB,1997-051LT,2024-01-22T19:54:56.179296,14.98896525,.0014113,86.3997,316.3109,108.9606,304.9094,0,U,34774,999,79137,.73372E-2,.89842E-3,0
IRIDIUM 33 DEB,1997-051LU,2024-01-22T08:53:49.464096,14.57618829,.002815,86.3794,334.8065,145.5174,342.9911,0,U,34775,999,78134,.35622E-2,.16359E-3,0
IRIDIUM 33 DEB,1997-051LZ,2024-01-22T18:21:59.042016,14.85447676,.0003909,86.3595,298.4318,282.1122,141.2032,0,U,34825,999,78487,.63309E-2,.54972E-3,0
IRIDIUM 33 DEB,1997-051MH,2024-01-23T02:11:54.678912,14.44628020,.0019231,86.3986,346.2374,234.4454,257.7448,0,U,34833,999,77738,.13737E-2,.4784E-4,0
IRIDIUM 33 DEB,1997-051MP,2024-01-23T01:34:35.315328,14.82694732,.0043362,86.4452,42.8091,334.8284,25.0824,0,U,34869,999,77455,.13869E-1,.115435E-2,0
IRIDIUM 33 DEB,1997-051MQ,2024-01-21T23:25:23.255904,14.58141779,.0028185,86.3172,265.4107,49.5306,13.2665,0,U,34870,999,78782,.15668E-2,.728E-4,0
IRIDIUM 33 DEB,1997-051MY,2024-01-23T00:28:05.157696,14.55271308,.0035064,86.3324,273.0775,47.8360,17.1615,0,U,34896,999,78256,.11609E-2,.509E-4,0
IRIDIUM 33 DEB,1997-051NA,2024-01-13T13:32:42.947808,15.03622805,.0010653,86.3194,224.3310,66.8653,293.3703,0,U,34898,999,78835,.49079E-2,.67761E-3,0
IRIDIUM 33 DEB,1997-051NF,2024-01-22T20:03:49.398624,14.23833703,.0155672,86.1465,319.2145,29.5266,23.9157,0,U,34926,999,76538,.75771E-2,.19706E-3,0
IRIDIUM 33 DEB,1997-051NH,2024-01-20T17:22:07.041504,14.71767727,.0023701,86.3960,292.6818,258.1883,101.6675,0,U,34928,999,55915,.24694E-2,.15523E-3,0
IRIDIUM 33 DEB,1997-051NR,2024-01-22T09:13:59.278368,14.37723146,.0022802,86.3734,350.2645,345.3389,168.4681,0,U,34985,999,77240,.13146E-2,.3983E-4,0
IRIDIUM 33 DEB,1997-051NS,2024-01-22T12:27:54.481248,14.97981375,.001657,86.3656,314.2800,9.3386,350.8150,0,U,34986,999,77867,.10237E-1,.12307E-2,0
IRIDIUM 33 DEB,1997-051NV,2024-01-22T16:23:02.845248,15.06335813,.0008789,86.3556,273.0503,297.4591,62.5750,0,U,35049,999,61617,.60368E-2,.8984E-3,0
IRIDIUM 33 DEB,1997-051NX,2024-01-22T13:16:51.766752,14.41724987,.00067,86.3273,308.1770,204.4359,155.6524,0,U,35051,999,77030,.11284E-2,.3699E-4,0
IRIDIUM 33 DEB,1997-051NY,2024-01-22T13:52:11.830080,14.36786571,.0011407,86.3333,315.8548,173.9181,186.2157,0,U,35052,999,77359,.39131E-3,.1175E-4,0
IRIDIUM 33 DEB,1997-051PE,2024-01-22T11:17:59.263584,14.41579329,.0114648,86.4145,97.0081,163.1344,197.3719,0,U,35079,999,76353,.54248E-2,.19135E-3,0
IRIDIUM 33 DEB,1997-051PF,2024-01-22T08:56:23.895456,14.31661379,.0147072,86.2333,4.3467,340.2963,19.2583,0,U,35080,999,59665,.82718E-2,.24911E-3,0
IRIDIUM 33 DEB,1997-051PJ,2024-01-22T22:27:28.152864,14.94700458,.0008322,86.3053,257.5616,126.5281,288.8025,0,U,35294,999,77960,.51344E-2,.56131E-3,0
IRIDIUM 33 DEB,1997-051PL,2024-01-19T09:55:36.995232,14.69882283,.0003125,86.3001,265.5343,185.8464,174.2716,0,U,35296,999,60998,.33816E-2,.20281E-3,0
IRIDIUM 33 DEB,1997-051PM,2024-01-21T05:27:24.734304,14.39566887,.0014121,86.3841,356.4024,277.1283,82.8309,0,U,35297,999,60457,.12657E-2,.3973E-4,0
IRIDIUM 33 DEB,1997-051PP,2024-01-22T20:29:34.533024,14.32580503,.0057289,86.2935,331.3853,202.0550,214.3370,0,U,35299,999,76423,.23727E-2,.6576E-4,0
IRIDIUM 33 DEB,1997-051PZ,2024-01-22T08:06:15.846624,14.58441535,.0045513,86.3957,39.2866,265.2588,94.3423,0,U,35479,999,48329,.99395E-2,.47047E-3,0
IRIDIUM 33 DEB,1997-051QA,2024-01-18T06:30:00.080064,14.43686516,.0011795,86.3607,324.4009,256.9095,103.0790,0,U,35480,999,76989,.13193E-2,.4501E-4,0
IRIDIUM 33 DEB,1997-051QE,2024-01-22T01:28:21.585216,14.60799396,.0046444,86.3720,304.6733,24.3006,336.0380,0,U,35484,999,51817,.27728E-2,.1378E-3,0
IRIDIUM 33 DEB,1997-051QJ,2024-01-20T14:30:48.520800,14.64039503,.0034433,86.3320,254.6268,285.5208,74.2203,0,U,35488,999,78082,.1627E-2,.863E-4,0
IRIDIUM 33 DEB,1997-051QN,2024-01-22T01:04:12.792864,14.59327634,.0019064,86.3624,294.8453,55.9759,304.3258,0,U,35616,999,77426,.19807E-2,.9412E-4,0
IRIDIUM 33 DEB,1997-051QQ,2024-01-18T11:38:19.499424,14.47166141,.0031195,86.3412,295.7217,173.3631,186.7992,0,U,35618,999,55334,.85299E-3,.315E-4,0
IRIDIUM 33 DEB,1997-051QS,2024-01-07T03:06:58.778208,14.12525968,.0204845,86.3950,148.9126,3.0771,357.1617,0,U,35620,999,49916,.15757E-2,.3569E-4,0
IRIDIUM 33 DEB,1997-051QU,2024-01-21T13:24:05.705568,14.56851445,.0025782,86.2179,228.1069,171.6000,216.7019,0,U,35622,999,77314,.18018E-2,.8132E-4,0
IRIDIUM 33 DEB,1997-051QX,2024-01-18T14:41:05.179200,14.20348156,.0118372,86.1977,325.4613,269.8599,213.6906,0,U,35625,999,56151,.36388E-2,.8377E-4,0
IRIDIUM 33 DEB,1997-051RA,2024-01-18T02:47:07.197792,14.52082510,.0016293,86.3625,314.7986,156.0809,204.1157,0,U,35628,999,76312,.20401E-2,.829E-4,0
IRIDIUM 33 DEB,1997-051RD,2024-01-22T06:50:23.884224,14.44115147,.0016091,86.3706,317.4308,257.7517,255.4750,0,U,35631,999,77220,.68842E-3,.238E-4,0
IRIDIUM 33 DEB,1997-051RE,2024-01-22T21:01:13.406304,14.45233513,.0093422,86.4200,71.7645,324.7224,34.7817,0,U,35632,999,75784,.33382E-2,.12377E-3,0
IRIDIUM 33 DEB,1997-051RX,2024-01-21T09:58:53.982912,14.56896256,.0031118,86.3334,274.0238,46.7146,313.6650,0,U,35744,999,77216,.15111E-2,.6843E-4,0
IRIDIUM 33 DEB,1997-051SC,2024-01-22T04:52:32.789856,14.77152214,.0010916,86.3692,297.6584,175.5468,184.5851,0,U,35749,999,75835,.20698E-2,.1469E-3,0
IRIDIUM 33 DEB,1997-051SF,2024-01-18T00:03:07.988256,14.59825089,.002288,86.3430,282.7383,51.7452,308.5812,0,U,35797,999,77297,.2068E-2,.9945E-4,0
IRIDIUM 33 DEB,1997-051SP,2024-01-21T16:53:31.435584,14.55294843,.006533,86.3151,1.9139,269.9520,89.4201,0,U,35805,999,75479,.75177E-2,.33667E-3,0
IRIDIUM 33 DEB,1997-051SQ,2024-01-14T13:57:02.617056,14.45539045,.0013322,86.3495,324.9930,247.0709,112.9088,0,U,35806,999,76196,.24333E-2,.8615E-4,0
IRIDIUM 33 DEB,1997-051ST,2024-01-14T12:31:42.254112,14.56172592,.0020505,86.3426,287.9201,109.1866,13.0971,0,U,35809,999,76579,.23633E-2,.10491E-3,0
IRIDIUM 33 DEB,1997-051SW,2024-01-21T08:01:34.668192,14.38116062,.0016489,86.3797,352.5380,299.7197,60.2360,0,U,35846,999,61373,.15319E-2,.4668E-4,0
IRIDIUM 33 DEB,1997-051SY,2024-01-22T13:50:19.873824,14.57815690,.0015347,86.4011,320.9626,66.7682,293.5141,0,U,35848,999,56565,.22798E-2,.10473E-3,0
IRIDIUM 33 DEB,1997-051TA,2024-01-21T01:19:47.446464,14.58304657,.0019149,86.3570,293.3202,67.7460,292.5778,0,U,35850,999,61207,.20637E-2,.9591E-4,0
IRIDIUM 33 DEB,1997-051TH,2024-01-22T11:33:47.120832,15.31211768,.0024891,86.4151,294.6963,94.0107,266.3988,0,U,35857,999,60963,.52187E-2,.161808E-2,0
IRIDIUM 33 DEB,1997-051TU,2024-01-22T11:50:05.352864,14.45388088,.0070427,86.2277,299.8124,244.6225,114.7674,0,U,35911,999,76914,.47302E-2,.17196E-3,0
IRIDIUM 33 DEB,1997-051UB,2024-01-21T18:01:57.080640,14.41648096,.0027337,86.4049,9.9127,315.7781,164.2948,0,U,35918,999,75472,.1811E-2,.5942E-4,0
IRIDIUM 33 DEB,1997-051UE,2024-01-16T22:01:55.223328,14.49974375,.0092191,86.4044,84.7910,88.6571,272.5193,0,U,35921,999,55225,.77628E-2,.31856E-3,0
IRIDIUM 33 DEB,1997-051UK,2024-01-21T14:30:33.582240,15.05829640,.0002388,86.3272,254.6633,126.1522,233.9934,0,U,35926,999,77242,.73134E-2,.107557E-2,0
IRIDIUM 33 DEB,1997-051UN,2024-01-17T23:16:58.829376,14.66158818,.002488,86.3459,270.8813,317.4650,42.4635,0,U,35929,999,77489,.23653E-2,.13096E-3,0
IRIDIUM 33 DEB,1997-051US,2024-01-13T03:58:51.079008,14.37140890,.0019758,86.3437,334.7594,12.9690,45.5094,0,U,36011,999,54477,.11398E-2,.3413E-4,0
IRIDIUM 33 DEB,1997-051UT,2024-01-22T12:21:07.939872,13.98204048,.0291011,86.4485,220.8027,264.0050,92.7896,0,U,36012,999,55765,.45116E-2,.9245E-4,0
IRIDIUM 33 DEB,1997-051VA,2024-01-22T18:42:02.028096,14.76365472,.0007141,86.3863,301.1583,23.3900,30.8023,0,U,36019,999,76332,.43166E-2,.30101E-3,0
IRIDIUM 33 DEB,1997-051VC,2024-01-21T01:13:51.798144,14.83011463,.0056668,86.3991,48.5426,175.7730,184.3984,0,U,36021,999,48553,.10963E-1,.92725E-3,0
IRIDIUM 33 DEB,1997-051VK,2024-01-14T23:57:21.364416,14.64559311,.0028324,86.3295,265.6676,337.2086,22.7866,0,U,36028,999,76814,.25446E-2,.13612E-3,0
IRIDIUM 33 DEB,1997-051VM,2024-01-19T12:52:53.251680,14.40971265,.0016574,86.3229,308.5040,305.5115,54.4537,0,U,36080,999,37411,.13639E-2,.4405E-4,0
IRIDIUM 33 DEB,1997-051VQ,2024-01-15T03:46:31.437120,14.38305531,.0029456,86.3442,333.1714,12.2489,347.9418,0,U,36083,999,75404,.15623E-2,.4796E-4,0
IRIDIUM 33 DEB,1997-051VU,2023-12-26T11:27:36.301536,14.57539489,.0045278,86.2919,263.4119,108.2331,252.3813,0,U,36390,999,77826,.15889E-2,.7351E-4,0
IRIDIUM 33 DEB,1997-051VZ,2024-01-20T16:02:02.198400,14.40443827,.000715,86.3847,347.3551,259.0961,100.9434,0,U,36483,999,55163,.1288E-2,.4112E-4,0
IRIDIUM 33 DEB,1997-051WB,2024-01-19T02:46:53.392800,14.60812252,.0087301,86.4227,78.4783,294.2235,64.9871,0,U,36485,999,56509,.89201E-2,.46242E-3,0
IRIDIUM 33 DEB,1997-051WD,2024-01-22T11:11:51.661824,14.33446844,.0115426,86.3507,90.7914,6.7252,353.5458,0,U,36487,999,59607,.60085E-2,.17916E-3,0
IRIDIUM 33 DEB,1997-051WG,2024-01-21T05:59:29.692608,14.55283149,.0001285,86.3741,316.6759,51.7497,308.3826,0,U,36490,999,76357,.23853E-2,.10358E-3,0
IRIDIUM 33 DEB,1997-051WJ,2024-01-22T05:55:01.951968,15.08065231,.0014372,86.4041,319.6202,95.2032,265.0845,0,U,36492,999,77292,.10035E-1,.158156E-2,0
IRIDIUM 33 DEB,1997-051WK,2024-01-22T02:14:56.551776,14.51088786,.0013876,86.3638,314.8601,152.7102,207.4835,0,U,36493,999,64453,.1755E-2,.6982E-4,0
IRIDIUM 33 DEB,1997-051WP,2024-01-09T07:53:30.383232,14.44077191,.0064567,86.1665,217.5281,325.5644,34.1380,0,U,36497,999,75909,.15529E-2,.5471E-4,0
IRIDIUM 33 DEB,1997-051WV,2024-01-22T12:56:29.362272,14.46016420,.0116437,86.4247,115.0040,283.5196,75.3056,0,U,36566,999,74783,.1129E-1,.43993E-3,0
IRIDIUM 33 DEB,1997-051XG,2024-01-14T00:10:01.299072,14.23244035,.0084579,86.1742,283.3048,70.1049,290.9229,0,U,37136,999,75859,.12704E-2,.3E-4,0
IRIDIUM 33 DEB,1997-051XH,2024-01-17T15:12:58.850208,14.41012246,.0027436,86.3590,343.2408,352.0011,8.0747,0,U,37548,999,55484,.27422E-2,.8876E-4,0
IRIDIUM 33 DEB,1997-051XK,2024-01-06T04:38:52.141920,14.51805860,.0003723,86.3881,332.9293,48.8555,311.2971,0,U,37550,999,76027,.12729E-2,.5139E-4,0
IRIDIUM 33 DEB,1997-051XT,2024-01-22T07:27:36.030816,14.75524492,.0048534,86.3943,337.7262,101.5489,259.1185,0,U,37558,999,51507,.43682E-2,.30433E-3,0
IRIDIUM 33 DEB,1997-051XX,2024-01-22T14:56:58.077888,14.45388882,.0025313,86.3804,341.6900,259.1649,227.1820,0,U,37562,999,76320,.19525E-2,.6913E-4,0
IRIDIUM 33 DEB,1997-051YA,2024-01-11T02:25:05.010816,14.45694523,.001039,86.3497,313.6816,260.9793,99.0233,0,U,37565,999,55678,.10111E-2,.3599E-4,0
IRIDIUM 33 DEB,1997-051YD,2024-01-20T16:12:09.158400,14.17704717,.0175993,86.3341,99.6769,190.9951,168.7370,0,U,38017,999,51492,.29754E-2,.7077E-4,0
IRIDIUM 33 DEB,1997-051YG,2024-01-21T07:56:28.064832,14.44746255,.0117905,86.2895,42.8054,303.2093,55.7847,0,U,38020,999,74196,.99906E-2,.37937E-3,0
IRIDIUM 33 DEB,1997-051YJ,2024-01-22T13:13:27.332256,14.33539963,.0054523,86.2794,316.4606,144.8164,215.6652,0,U,38022,999,59277,.1698E-2,.4794E-4,0
IRIDIUM 33 DEB,1997-051YQ,2024-01-23T01:28:38.675136,14.42501886,.0027368,86.3273,299.0576,248.8807,110.9468,0,U,38028,999,73169,.76397E-3,.2561E-4,0
IRIDIUM 33 DEB,1997-051YZ,2023-12-30T13:54:35.255808,14.25281865,.0163755,86.3141,104.7063,239.0474,182.0482,0,U,38225,999,52185,.75565E-2,.20512E-3,0
IRIDIUM 33 DEB,1997-051ZC,2024-01-20T05:18:46.182240,14.24923564,.0068924,86.2781,342.1380,268.8470,156.2341,0,U,38228,999,74911,.59869E-3,.1451E-4,0
IRIDIUM 33 DEB,1997-051ZD,2024-01-14T15:43:40.090368,14.09256019,.0198049,86.3756,149.5805,77.3630,284.9616,0,U,38229,999,71792,.51113E-2,.10686E-3,0
IRIDIUM 33 DEB,1997-051ZL,2024-01-22T11:23:12.483456,14.53668570,.0063808,86.2439,283.0345,29.9114,330.5714,0,U,38236,999,51559,.53212E-2,.22949E-3,0
IRIDIUM 33 DEB,1997-051ZR,2024-01-22T00:49:06.916512,14.47174614,.0002064,86.3268,293.2958,148.9280,211.2045,0,U,38241,999,50183,.11457E-2,.42E-4,0
IRIDIUM 33 DEB,1997-051AAB,2024-01-20T01:43:35.456160,14.44812217,.0025827,86.3513,310.3759,236.3023,123.5716,0,U,38474,999,55295,.11602E-2,.4066E-4,0
IRIDIUM 33 DEB,1997-051AAE,2024-01-18T06:05:34.787904,13.46924408,.0452394,86.4217,359.4258,66.5299,298.2721,0,U,38477,999,67276,.54644E-2,.6209E-4,0
IRIDIUM 33 DEB,1997-051AAG,2024-01-23T03:31:16.496544,14.61429931,.0011479,86.4043,337.2988,25.2454,334.9316,0,U,39594,999,53695,.39123E-2,.1944E-3,0
IRIDIUM 33 DEB,1997-051AAJ,2024-01-21T18:48:53.600544,14.35983018,.0076686,85.9762,144.8931,315.2677,44.2350,0,U,39777,999,52910,.41431E-2,.1247E-3,0
IRIDIUM 33 DEB,1997-051AAK,2024-01-20T07:44:18.455712,14.44959851,.0008898,86.3839,341.4092,158.8331,201.3240,0,U,39778,999,50660,.16611E-2,.5811E-4,0
IRIDIUM 33 DEB,1997-051AAQ,2024-01-14T08:39:35.178912,14.51548449,.0053429,86.1647,229.5024,70.5372,51.3053,0,U,39783,999,50485,.37801E-2,.15445E-3,0
IRIDIUM 33 DEB,1997-051AAZ,2024-01-22T07:09:57.448512,14.22902761,.0155238,86.4185,144.7968,157.0524,203.7703,0,U,39792,999,49496,.12128E-1,.3097E-3,0
IRIDIUM 33 DEB,1997-051ABJ,2024-01-21T05:57:43.203744,14.58981306,.0010136,86.3690,313.1564,309.0735,203.1150,0,U,40996,999,52291,.32099E-2,.1511E-3,0
IRIDIUM 33 DEB,1997-051ABL,2024-01-20T04:56:22.155936,14.40389861,.0006791,86.3938,348.2717,194.3169,228.2323,0,U,40998,999,97124,.10582E-2,.3378E-4,0
IRIDIUM 33 DEB,1997-051ABU,2024-01-21T05:15:19.080576,14.69354081,.0063325,86.3075,351.2936,170.0200,253.8069,0,U,46962,999,62929,.81918E-2,.50226E-3,0
IRIDIUM 33 DEB,1997-051ABX,2024-01-21T16:49:18.288768,14.51808196,.0023619,86.3382,284.9059,132.5164,258.3833,0,U,46965,999,52211,.11607E-2,.4705E-4,0
IRIDIUM 33 DEB,1997-051ACD,2024-01-08T12:45:56.153952,14.61465087,.000817,86.3482,293.1041,201.4363,284.7869,0,U,46971,999,62641,.17109E-2,.8503E-4,0
IRIDIUM 33 DEB,1997-051ACG,2024-01-17T19:16:58.964736,14.23880778,.0121622,86.3099,43.0787,289.5926,69.2167,0,U,46974,999,47548,.48325E-2,.11973E-3,0
IRIDIUM 33 DEB,1997-051ACJ,2023-12-31T19:23:23.257248,14.23906170,.0157599,86.4371,178.8987,270.2225,154.0287,0,U,46976,999,51559,.56561E-2,.1477E-3,0
IRIDIUM 33 DEB,1997-051ACM,2024-01-12T05:28:53.080896,14.45956396,.0062288,86.3548,0.4828,111.4695,249.3165,0,U,46979,999,25175,.40719E-2,.14879E-3,0
