OBJECT_ID,EPOCH,x,y,z,Cluster,Density
1993-036A,2024-02-23T18:56:18.938112,-1634.6492498250338,-3936.1588207971486,-5746.13911722857,0,-27.584608315733337
1993-036E,2024-02-23T19:42:45.247392,-3116.6615478481403,-5479.2959764262605,-3388.2999560906806,1,-27.971166584812664
1993-036F,2024-02-23T22:25:00.491808,-3219.863863642677,-414.59745343479244,-6337.312653254155,2,-27.29282090197714
1993-036G,2024-02-23T21:44:06.902880,-632.5976502124095,1915.375611262081,-6768.6829190034305,2,-27.332554405389587
1993-036H,2024-02-23T22:40:15.926592,4639.999126584987,-350.0821909274254,-5425.9394883597515,-1,-28.336857031266707
1993-036J,2024-02-23T08:23:34.049760,-6661.011518709893,1083.5291710299741,2314.832364811901,-1,-28.134279022584995
1993-036K,2024-02-24T04:14:08.083680,-4920.260141462487,-2342.6095995070746,4646.719924453845,-1,-28.657716678486953
1993-036M,2024-02-23T22:19:38.081568,-6584.738648561606,-635.7096362649396,2659.2178320494877,3,-27.952794777093153
1993-036N,2024-02-23T17:48:58.845600,1588.0681212001941,2410.502148402166,6494.113340777216,4,-27.152134728706965
1993-036P,2024-02-23T21:31:08.651424,-4360.675793167298,-1029.039650832253,-5576.770839994118,5,-27.628408666414032
1993-036R,2024-02-24T12:10:57.281952,7081.256686393469,-1322.4929307149343,1040.316216002992,-1,-28.507463392888873
1993-036T,2024-02-23T15:03:02.990880,-1725.1554445047907,3933.365962046468,5505.685798084867,4,-27.814776353315974
1993-036U,2024-02-23T22:17:27.264192,4474.197458662352,-2756.3907635086066,4779.831798313199,-1,-28.481206597153697
1993-036X,2024-02-24T01:40:06.351744,-4787.909008785717,-2914.0858000799662,-4416.082154225462,-1,-28.099878734664763
1993-036Z,2024-02-24T10:33:07.475904,136.32463164607447,2194.44023028285,6613.01405814507,4,-27.071083710123
1993-036AA,2024-02-23T22:24:38.044224,-1751.3801636362218,-3416.505116036269,5977.485715519982,6,-27.637346234438397
1993-036AE,2024-02-24T04:22:34.214880,-1474.8212414561215,5405.887372398407,4499.785983992888,32,-28.078267639946198
1993-036AG,2024-02-23T17:46:59.376000,4869.391098498015,-5075.336315028915,-1182.4028249479193,-1,-28.585080177718922
1993-036AH,2024-02-24T04:05:16.440288,-941.3531607174798,-3805.272660163112,-6742.464818048811,0,-27.705973858063736
1993-036AJ,2024-02-24T00:32:01.838400,-3188.329172250141,-5340.935225117413,3682.5805964414058,-1,-27.899445392633343
1993-036AL,2024-02-23T19:43:30.764640,1993.475215367315,-414.666800991675,6706.6549224690725,7,-27.422793646424584
1993-036AN,2024-02-24T10:51:41.874336,2027.5643878465228,1476.9945125035283,-6693.314893608529,2,-27.33277903749381
1993-036AP,2024-02-24T02:11:02.304096,2548.014108834268,6529.587320511515,-906.4911260910206,-1,-28.913918911581483
1993-036AQ,2024-02-23T21:11:10.921056,3741.0678063238734,6003.90921679293,-12.754397581589565,-1,-28.68637360827301
1993-036AW,2024-02-23T21:56:27.276576,2023.1125225784233,1501.2366642557922,-6674.4791272155235,2,-27.327478281355628
1993-036AX,2024-02-23T21:42:23.351616,-1120.2406401223377,4669.849083427321,4926.801793718548,4,-28.011271626997942
1993-036BC,2024-02-24T11:32:54.593952,6434.818935610603,-2749.7750720209024,900.1740263545071,-1,-28.37622003763318
1993-036BE,2024-02-23T15:19:43.548672,-5951.77355601931,1197.957918183688,3336.0438367388983,-1,-28.09369749210017
1993-036BG,2024-02-23T22:49:04.228032,3612.6574343494754,1558.0198485569713,5936.5074339115645,4,-27.635221872562806
1993-036BH,2024-02-23T16:03:18.233856,1696.4478404504196,1185.5017584400357,-6874.025621819606,2,-27.354246704579268
1993-036BJ,2024-02-24T09:01:49.108512,-1428.297470974281,-6737.644270492731,1236.3979381089584,-1,-28.640310049500624
1993-036BK,2024-02-24T00:30:13.524768,6249.0912008790065,-279.85331536260054,-3290.5120479394145,13,-27.981744191099388
1993-036BL,2024-02-24T04:28:09.310368,-240.18449609450303,5963.388203437104,4102.032152193233,8,-28.00416363888503
1993-036BN,2024-02-24T09:43:02.256672,-3142.5720673185615,-2846.1856961877756,-5440.986134346444,-1,-27.744447097731268
1993-036BP,2024-02-23T22:58:10.569792,-3268.255123679032,-1755.5483888379856,-6355.98178824912,2,-27.453969484846663
1993-036BQ,2024-02-24T12:09:23.868864,-2569.3684805189664,-2219.949588279359,6260.394115262936,6,-27.414557612418204
1993-036BR,2024-02-24T04:51:59.544000,2878.3318824560765,-6199.3663174648445,1607.4408083930496,29,-28.334156004277972
1993-036BS,2024-02-24T12:11:51.807264,6171.424778940264,-1151.160911191343,3421.7715014050295,-1,-28.562846550435683
1993-036BT,2024-02-23T20:19:29.692416,-6611.882966618553,1938.1957818191322,1574.8467323811324,-1,-28.362560160375264
1993-036BV,2024-02-23T21:30:57.756384,-6702.579462452206,1220.1080216911776,-2060.2754405853734,-1,-28.550876595477682
1993-036BX,2024-02-23T19:44:00.920832,-4659.103536478782,-1284.3116593626435,5186.961886354191,-1,-28.534354686239244
1993-036BZ,2024-02-24T08:46:19.500672,-5528.1693228641425,3106.039652741583,3165.220591131336,11,-27.80436987902061
1993-036CB,2024-02-23T23:02:23.918784,4569.695451072018,4856.810136020061,2022.9275307284367,9,-28.197065950031277
1993-036CC,2024-02-23T16:53:00.018816,3777.629561917351,5959.990436351963,-802.9817373905172,-1,-28.581661357349326
1993-036CD,2024-02-23T13:13:05.919744,3418.89272974223,5374.456896575677,-3068.894420459438,10,-28.05609006162569
1993-036CE,2024-02-23T21:35:11.748192,-2363.5515471129384,1927.5551212817345,-6432.303757442732,2,-27.35818184606481
1993-036CF,2024-02-23T20:15:53.174880,1807.0482525030316,-1451.8170564839402,6731.317835047451,7,-27.273781091537895
1993-036CG,2024-02-24T08:02:16.167840,6354.917995941986,124.46580025789109,3158.5077179655013,-1,-28.415632751988106
1993-036CJ,2024-02-23T17:02:18.180096,5462.040498849114,74.53863307035886,-4611.020228814643,-1,-28.19930510211907
1993-036CK,2024-02-23T21:26:50.784576,-5066.046403883561,4379.478200913574,2430.5186470242706,11,-27.69654634186565
1993-036CL,2024-02-23T23:16:07.687488,1065.3412232318535,3787.7405266931496,-5821.210861861554,2,-27.523931265500654
1993-036CM,2024-02-23T18:17:52.450368,-5021.126214098676,2802.3016262551555,4258.934671840575,12,-27.695994770491495
1993-036CR,2024-02-23T16:43:30.776736,-253.64644899273688,6230.156310329788,-3435.6660216624114,-1,-28.237107420338106
1993-036CT,2024-02-24T03:39:39.230496,-2830.70533701868,-6460.7935556073535,225.09930709681694,-1,-28.18382763721297
1993-036CV,2024-02-24T11:06:10.895040,-915.4481982963662,1902.6301652890015,-6843.459221380283,2,-27.326449858796405
1993-036CX,2024-02-23T16:13:00.429024,2830.6439957155158,3782.3890633801007,6342.918070874721,-1,-27.911550501714125
1993-036CZ,2024-02-24T08:05:28.425984,-14.936923782372679,-3288.203900087246,6418.231751447304,-1,-27.61882408094033
1993-036DC,2024-02-23T23:52:57.542880,4276.473670477683,4733.375920409771,-3178.4374186689297,10,-27.985860099680153
1993-036DD,2024-02-23T18:15:15.082272,-5032.008774628387,3833.8716058613622,3158.9713683691434,11,-27.700139571538433
1993-036DE,2024-02-23T16:51:03.222432,-1917.6416484010886,2049.813975955822,-6466.397764358185,2,-27.32486180760767
1993-036DJ,2024-02-23T21:27:29.541888,4190.60055091006,5549.504932853344,-1749.8742895280957,-1,-28.341535149254725
1993-036DK,2024-02-24T06:57:58.667904,-1752.824578273545,1622.3906329899478,6748.613985480036,4,-27.000314601645485
1993-036DL,2024-02-24T11:36:18.874656,-2391.154066727105,1499.9374328488138,6668.892196962681,4,-27.13705719598446
1993-036DM,2024-02-23T16:09:42.267168,-1373.0570399186429,-6692.64101031789,1952.1613929140658,-1,-28.55919291764508
1993-036DQ,2024-02-23T20:51:18.124128,-4139.2151607128535,5716.184159408584,703.016837619762,-1,-28.474102604375467
1993-036DR,2024-02-23T21:32:39.602112,-3767.7701976971907,5633.792661262271,2149.0700579288823,-1,-28.152790028789813
1993-036DS,2024-02-23T21:48:16.144416,3800.090906125675,-4818.985011211538,3686.950220672833,-1,-28.393246391723924
1993-036DT,2024-02-23T22:42:33.115104,-5844.69032871889,2296.0609794541406,3869.827026257526,12,-27.8656402776749
1993-036DU,2024-02-23T17:49:45.370272,2647.746308432223,-5742.843700130283,3488.6607539863567,-1,-28.272237261563657
1993-036DV,2024-02-23T21:59:51.719712,3429.387412698345,2437.9516980012286,6079.547439868963,4,-27.641414522537474
1993-036DW,2024-02-23T21:52:04.625760,579.5387066155284,6905.8069648687415,-1726.2591482238117,-1,-28.605034844026658
1993-036DY,2024-02-24T04:36:51.460992,1732.1375524807179,1122.8598708196146,-6696.68621007222,2,-27.34205464281694
1993-036DZ,2024-02-22T12:34:14.773440,3449.49613559055,2969.0455861409428,-5473.7459063486895,-1,-28.218195194389494
1993-036EB,2024-02-24T02:36:10.973376,-1935.081573201601,336.23628619903565,-6851.381761571126,2,-27.223189140065546
1993-036ED,2024-02-23T22:25:28.856064,6035.473257537095,4842.301898721947,-603.5940458942719,15,-28.661023563320743
1993-036EH,2024-02-23T21:00:46.772640,6406.5600299930475,327.51129161181086,-3025.8502363802527,13,-28.04426275585793
1993-036EK,2024-02-23T21:57:14.228064,-976.3704214951927,3341.026420911057,-6158.112963630267,-1,-27.635693401128204
1993-036EL,2024-02-23T16:55:04.073664,2177.923101917574,-5101.53909689504,4417.908139422388,14,-28.119820773206744
1993-036EM,2024-02-23T20:05:24.372960,-4541.2256826171815,-4604.905835170381,3095.1446141975475,-1,-28.46499262741095
1993-036EN,2024-02-23T16:13:56.512992,-5198.227353358091,4428.123053427144,-2022.6168670120348,-1,-28.46670324622023
1993-036EP,2024-02-23T20:39:37.533312,-2961.296134860967,-807.2589543022386,-6424.255257536591,2,-27.211721554764463
1993-036EQ,2024-02-23T23:31:43.201632,-2328.2747169171557,2626.8420519627944,6057.639477729431,-1,-27.50218914113124
1993-036ER,2024-02-23T20:18:47.210400,5497.07071752376,-1792.3265529471653,4071.0063267657974,-1,-28.5123176316664
1993-036ET,2024-02-24T07:29:17.333952,2953.692157576546,-154.0503962721012,6487.976668856604,7,-27.53679946590094
1993-036EU,2024-02-23T21:51:32.036544,2516.2114152060426,3232.6876405827857,5750.135743251232,4,-27.514991909665973
1993-036EV,2024-02-23T22:36:35.179776,894.3122771894838,5655.358969471374,4185.068217657938,8,-27.85280051089182
1993-036EX,2024-02-23T22:27:31.106880,421.3620525313569,2087.4988394251936,6833.306426321614,4,-27.0759736119711
1993-036EZ,2024-02-24T04:01:29.012160,2407.0791442126233,-312.2387344845617,-6650.431653009524,2,-27.613708703224177
1993-036FA,2024-02-24T03:09:36.544608,5140.324252482037,2438.7257737132436,-4331.926568439349,34,-28.12002993849167
1993-036FD,2024-02-23T17:12:35.188416,5734.196591334879,3726.0347770874696,-2102.933599230403,15,-27.960725959531125
1993-036FE,2024-02-24T08:56:00.253824,-6838.5571658187955,1154.8760177696238,1714.5214220414464,-1,-28.174406407778097
1993-036FF,2024-02-23T17:05:36.387744,-2276.8131364416868,4491.459615877299,-4988.335858412752,-1,-28.2830939909951
1993-036FG,2024-02-23T22:49:00.768576,1491.5102105373112,3293.0441057669427,-6122.170093111852,2,-27.405592721562
1993-036FJ,2024-02-24T10:19:27.920928,4522.899414367686,-5882.22099183374,9.789339758317515,-1,-28.593015446417173
1993-036FP,2024-02-23T21:25:00.741216,-4460.396519231008,639.2083817030089,-5524.4755010478975,-1,-27.992503079521597
1993-036FQ,2024-02-24T07:05:57.361056,5188.848971458687,2905.112422963168,3231.0035972018545,16,-28.219524756132564
1993-036FR,2024-02-23T18:44:07.084320,-4785.193341878539,3235.4800101438213,4035.6547855721597,12,-27.70561167245928
1993-036FS,2024-02-24T03:32:31.631712,1578.0176956316375,-2772.862173619297,6357.1325182696355,7,-27.419096939106367
1993-036FT,2024-02-23T18:12:03.499776,743.2036632963238,2036.4339370276475,-6767.613649182799,2,-27.24499444677108
1993-036FV,2024-02-23T19:50:38.416128,-4996.616931610276,-5098.535813108071,440.87602544051015,-1,-28.321468571074153
1993-036FY,2024-02-23T19:48:50.023008,563.9795393355735,-3778.315028015461,-5838.979391174362,0,-27.58751955972219
1993-036FZ,2024-02-24T07:06:35.716608,-3687.430589806584,-5725.877015381179,2183.278744556407,-1,-28.466113858832202
1993-036GB,2024-02-23T18:18:38.680416,2243.3204869952333,120.72484085173777,-6758.263143116018,2,-27.571543138741504
1993-036GC,2024-02-23T13:35:09.245472,4660.145176424889,-689.4867610111831,5086.137136945435,-1,-28.366080797755068
1993-036GD,2024-02-24T04:33:16.776864,-2673.206711902433,1496.4415139097468,-6433.924468903947,2,-27.338201460913776
1993-036GE,2024-02-23T20:02:46.709376,4476.917370039976,341.7859644255535,5602.710848603536,-1,-28.080456384878527
1993-036GJ,2024-02-24T11:36:57.525696,5046.809083005736,4684.451983175958,-1622.2848538174715,15,-28.066347488135253
1993-036GK,2024-02-24T04:15:58.755168,-2046.780568002837,-2807.2727548115513,6077.373978072698,6,-27.439617106837638
1993-036GL,2024-02-24T02:01:48.335808,4691.018755615504,2820.538062737824,4616.396018577937,-1,-28.133551408988733
1993-036GN,2024-02-23T17:51:43.465248,-1634.5504537357688,6537.280977478467,-2382.587250764495,17,-28.22424671601814
1993-036GP,2024-02-24T06:15:37.960128,1720.1792070562262,5986.572853794521,3534.2589573832747,-1,-28.02729494948923
1993-036GQ,2024-02-23T22:18:00.671616,4997.279107028049,-5105.862260640696,-298.9602160477189,-1,-28.50013980983718
1993-036GR,2024-02-23T19:34:36.312384,-4475.193380140308,3488.517879498806,-4256.585634013607,-1,-29.039453718957503
1993-036GS,2024-02-23T16:00:02.973312,4265.9082581269495,-2757.9081179283817,-4998.016140049897,-1,-28.439657446226406
1993-036GT,2024-02-23T20:44:33.462816,3884.5883919783287,5946.0771152674415,-1045.789074486064,-1,-28.548657689858633
1993-036GU,2024-02-23T20:36:44.296128,2566.123495446954,6549.837806505093,1335.4245526467919,40,-28.051797088958192
1993-036GV,2024-02-23T17:28:06.430080,3259.6280950202304,-2125.9920837100562,-5901.89653779029,-1,-27.940875445849606
1993-036GW,2024-02-24T06:36:51.248160,-973.3533323599169,2993.309911983781,6431.854088205037,4,-27.317284387842143
1993-036GZ,2024-02-24T03:47:27.914208,-2196.1105054257714,-6048.502821242883,2980.0303035285433,-1,-28.182249126168546
1993-036HA,2024-02-23T21:35:04.628832,2694.7526435352647,-1874.0840655394843,6306.406341300238,7,-27.442936436622787
1993-036HD,2024-02-24T06:59:20.556096,-1628.5059368602765,-3090.372920537682,6610.837149219497,6,-27.530146009929766
1993-036HE,2024-02-23T19:29:35.208384,-5271.566253945727,4583.213617898414,-1742.1828456458238,-1,-28.460063937550853
1993-036HG,2024-02-23T23:01:30.179712,-1629.2408753208338,1182.4180376691065,-6829.929749613959,2,-27.25055030182733
1993-036HH,2024-02-23T22:45:53.619264,1381.9503983045233,2136.4815350150184,6687.601102904165,4,-27.098100868542502
1993-036HJ,2024-02-24T00:52:54.630624,626.4346157723204,1908.3938686326137,6862.0898322527055,4,-27.092371660704153
1993-036HK,2024-02-24T12:44:04.095744,-3315.602276483141,-5190.217340479034,-3632.7237399711025,1,-27.84862202831917
1993-036HM,2024-02-24T12:24:50.255712,-2960.4130700662345,4612.39652089547,5311.10569591398,-1,-28.305062331725594
1993-036HP,2024-02-23T23:13:09.138432,471.5689064986692,-3702.920304014336,6372.447825824921,-1,-27.837949780529996
1993-036HS,2024-02-24T04:04:40.292256,108.77062592287008,7075.421109091606,-423.9351917014545,-1,-28.794060474062107
1993-036HT,2024-02-23T01:58:36.182208,2097.1006153524822,5022.475627263536,4429.156424836331,19,-27.853853912756104
1993-036HU,2024-02-23T20:45:08.804736,-235.95925528398047,3891.5811118727183,5837.716943141367,-1,-27.795793969573648
1993-036HW,2024-02-24T11:25:41.752416,-2276.7784124951645,5638.8773205133675,3769.321493519429,32,-28.17911725579588
1993-036HX,2024-02-23T21:15:30.826944,678.0317823657538,2012.3119748020104,6742.610102964658,4,-27.06688077340063
1993-036HY,2024-02-23T18:32:50.598240,5487.432726919435,-3825.932479113522,-2674.5270251468014,-1,-28.697910833264718
1993-036HZ,2024-02-23T20:27:07.014528,2877.9614032064683,-1642.0428195389316,6151.889122102564,-1,-27.508184229439202
1993-036JB,2024-02-24T10:12:09.932544,466.2054040025183,-2328.406619415191,-7213.380167189368,0,-27.48870144079801
1993-036JG,2024-02-23T12:04:13.690272,574.2026687392558,2971.0723489866236,6498.958525204042,4,-27.2615411544136
1993-036JH,2024-02-23T22:54:11.235744,-728.7233833330356,-2738.858992756065,6578.683898878915,6,-27.444907542322735
1993-036JM,2024-02-23T17:32:32.776224,4479.741825861127,354.4582644519371,-5650.8804711532875,-1,-28.366213928061438
1993-036JN,2024-02-23T14:25:32.243232,-3917.8524186286377,950.3088961695115,5605.131293199472,33,-27.96264056008997
1993-036JQ,2024-02-23T21:41:52.607040,-892.6728101437983,2019.9328784108682,-7463.523686754203,2,-27.5931329009054
1993-036JR,2024-02-24T05:58:08.241600,-2151.000059152163,-6380.641053676579,2070.0516989815796,-1,-28.43172295963667
1993-036JS,2024-02-23T21:48:04.849344,2246.9363936772047,1833.6309793379778,-6321.1390927372395,2,-27.40092768526593
1993-036JT,2024-02-23T17:57:55.881216,-4927.190750660365,3462.1830299303424,3886.1034267504865,12,-27.717767605963054
1993-036JU,2024-02-23T08:34:10.354656,-3884.053530726485,4979.062212582271,3063.130797843724,-1,-27.980344573316568
1993-036JV,2024-02-23T16:49:02.717760,-5067.046338244734,3223.6034094385277,4773.778253580882,12,-27.901033825448753
1993-036JW,2024-02-23T22:14:11.660640,3745.2842056460618,-2330.5143606489464,5593.360759741669,30,-27.9313535884063
1993-036JY,2024-02-24T05:09:10.071360,-6970.2957203457145,-43.35491173135311,1546.8854079020693,3,-28.035308847490548
1993-036JZ,2024-02-23T18:17:30.992064,2314.817450898205,-6652.322033508332,-1388.6379323766635,-1,-28.752345601605008
1993-036KB,2024-02-24T08:23:00.080736,1779.0369153595277,-1531.1042412840668,-6738.066216804337,0,-27.414635730094297
1993-036KC,2024-02-24T04:59:31.023744,-5356.802077088711,1672.187025079671,4428.765334081137,12,-27.917609914726153
1993-036KD,2024-02-23T22:53:38.630976,3916.7645635840386,-3565.04302849549,-4455.499683058642,-1,-28.49608842681655
1993-036KG,2024-02-23T20:32:47.762304,-4411.935961046354,-4586.57774251855,-2682.466944892078,20,-27.966349178121437
1993-036KH,2024-02-23T17:05:40.805376,-1356.4965048513936,5172.675472658834,-4642.091615766156,18,-27.941435732422235
1993-036KK,2024-02-23T20:25:59.220768,-1758.0913280346888,-1427.4906069577642,6784.910788120107,6,-27.353080169350083
1993-036KL,2024-02-23T19:09:03.192768,2039.2447935613166,4491.856481729801,5008.6246873496,19,-27.705292050219075
1993-036KM,2024-02-23T20:42:45.558720,4218.191427068972,-4717.800916262005,3276.4573561258,-1,-28.49349205142587
1993-036KN,2024-02-23T20:51:32.473440,1789.4747214223767,6090.101434679601,-3214.9271767344267,39,-28.28822333192701
1993-036KP,2024-02-23T14:26:15.280800,543.3351222727558,-4161.520627437103,-5762.320668618885,0,-27.76143991123673
1993-036KQ,2024-02-23T17:57:44.889408,-4641.73488467166,-5091.8433032523035,-1273.9264316751355,20,-27.86278219885236
1993-036KR,2024-02-23T21:50:52.657152,1551.4477665342274,5710.87515744927,-4016.0860487556183,39,-28.0363857138116
1993-036KS,2024-02-23T19:58:13.857312,-2943.71551443317,3523.51626245222,5507.444640547318,-1,-27.965687404640036
1993-036KT,2024-02-23T17:06:16.880832,2471.287321383236,4095.302511920469,5332.38573899506,19,-27.625808194963657
1993-036KU,2024-02-23T18:15:48.873312,-5614.238015154315,3599.5161460575964,-2104.721275028473,-1,-28.577222919736286
1993-036KV,2024-02-23T21:47:37.719744,6.551651914170129,6670.115425361981,1775.2392183534675,-1,-28.38328377078064
1993-036KX,2024-02-24T11:24:18.987264,5213.075687324803,3267.6205128749352,-3247.391942271537,-1,-28.018492639423027
1993-036KY,2024-02-23T17:14:34.228608,-1638.0046590032753,6482.509684289483,-2895.7194509911787,17,-28.24157489841487
1993-036KZ,2024-02-24T09:51:46.200096,3961.025869109579,-5854.336793008048,-557.4251774200088,-1,-28.586977054454763
1993-036LA,2024-02-24T09:57:00.789408,5210.102394188706,-4815.8742020968675,-289.76790916877934,-1,-28.53396850507791
1993-036LB,2024-02-23T23:53:39.391584,-639.6888511087367,2212.4444860301282,6559.365879781249,4,-27.067583930164442
1993-036LH,2024-02-24T07:46:46.007904,3229.0900462945096,229.48367722044284,6167.239017284804,7,-27.613995631842062
1993-036LL,2024-02-24T02:05:31.105248,-2554.793896487983,-2791.4591691313144,-5991.324801720764,2,-27.501827518673245
1993-036LN,2024-02-24T09:23:47.218272,-279.7518949007048,2731.1751298541644,-6607.63179418766,2,-27.33670076944825
1993-036LP,2024-02-23T23:40:34.783680,-1313.27898165673,-3834.6126704966505,5672.24290152822,6,-27.88435946501818
1993-036LQ,2024-02-24T11:31:58.865088,-923.5372763045643,6682.307716233575,2027.507687274984,-1,-28.75373665247482
1993-036LR,2024-02-23T22:40:18.253344,-6325.42423574263,1160.0593986834508,-2975.2369815626303,-1,-28.57931609036183
1993-036LT,2024-02-24T00:20:59.414784,521.9365073570578,-2130.0692246644203,6735.88265558399,7,-27.405890746214833
1993-036LU,2024-02-23T22:03:31.065984,1572.563968366281,2988.5818793054545,-6250.489224519212,2,-27.34887071822608
1993-036LV,2024-02-23T14:43:34.857696,5227.2194852622315,1308.9853536918904,4532.857148193978,-1,-28.22749277863258
1993-036LW,2024-02-23T14:01:01.532928,-4818.023359250335,-1676.5093426620158,-4977.345032138327,5,-27.905662974821215
1993-036MN,2024-02-23T16:17:54.125952,-4376.01365627604,5110.248573506661,1358.487488730848,11,-28.005013863994193
1993-036MR,2024-02-23T20:20:26.934144,29.710765430737634,-4009.1194484780212,-5650.9253104134905,0,-27.635195969022956
1993-036MT,2024-02-24T10:10:46.992000,-6806.651996013758,-2158.061094445695,347.22226563267253,21,-28.06767278445284
1993-036MU,2024-02-23T15:33:51.111936,-2938.8821801292174,6225.906114119447,630.3869622922168,-1,-28.87890220912744
1993-036MV,2024-02-23T22:29:01.248864,-6740.754334935978,-2038.3677912638655,54.14810892255322,21,-28.020820616813047
1993-036MW,2024-02-24T06:24:59.590368,-4065.744688020492,-3589.831698554992,-4624.414558820472,-1,-27.94103303059587
1993-036MX,2024-02-23T22:04:06.744000,-3224.840255731013,-19.69321544634945,-6311.401181370211,2,-27.326715401115553
1993-036MY,2024-02-23T23:06:33.684768,4007.326499202678,3725.024849770475,-4539.480605110277,-1,-28.114064244035
1993-036MZ,2024-02-23T19:52:36.909408,3035.271800586337,5183.001093790418,3703.794125922229,-1,-28.073340051386065
1993-036NA,2024-02-23T14:40:47.205408,185.4614549311923,2508.265087039733,-6767.1920140782095,2,-27.285013874454634
1993-036ND,2024-02-24T01:37:44.084640,1478.2523295314525,7085.600109085831,4.056845195666323,-1,-28.636718049181628
1993-036NK,2024-02-23T19:00:30.680928,5124.664170217318,-4465.317833566158,1876.9057580581962,22,-28.25709285968072
1993-036NL,2024-02-23T16:50:35.886336,5635.669961944455,1995.05984594823,4148.2755854078,-1,-28.313256342852327
1993-036NN,2024-02-23T18:45:26.554176,5827.791406353442,-3741.497341515545,1381.646097201653,22,-28.247678781011974
1993-036NP,2024-02-24T00:23:01.861728,426.4267281344882,2058.653768585417,6870.493374847035,4,-27.083034142199136
1993-036NR,2024-02-23T15:34:29.538336,-3489.9002434933022,2407.256654523125,5485.053449483043,-1,-27.84552758522029
1993-036NT,2024-02-23T19:27:00.516096,-1869.986138735761,-1069.0690997893903,-6791.128615358882,2,-27.18407660679089
1993-036NV,2024-02-23T18:52:21.866880,1435.891509887304,2983.7462921541255,6193.982601696085,4,-27.315685080369104
1993-036NX,2024-02-24T06:32:15.277920,-3831.710575974993,-5952.496018368688,840.4592707815993,-1,-28.353531666144637
1993-036NZ,2024-02-23T22:47:16.456128,6814.677257078085,-1136.6220998859594,-1231.926079484904,-1,-28.593098503842462
1993-036PC,2024-02-24T08:41:45.801888,2008.3468566985682,-6154.601823967516,2711.756279003973,29,-28.278388370714552
1993-036PD,2024-02-24T12:03:21.890016,5768.50920507427,3484.1372234276323,-1968.9915079072796,15,-27.99767025826029
1993-036PN,2024-02-24T12:29:19.070304,979.8029655199845,-5564.598487846316,-4915.990082581391,-1,-28.76354157916447
1993-036PQ,2024-02-24T09:38:07.397664,2821.553633391852,2059.633657990919,6050.426149989366,4,-27.4155179494901
1993-036PR,2024-02-23T22:20:59.743392,837.4678778333374,4096.672412405445,-5731.617889178784,2,-27.629803132726572
1993-036PS,2024-02-23T20:15:24.422688,-6710.364957822469,2251.7172502558205,-1957.7482397368417,-1,-28.757982417952796
1993-036PU,2024-02-23T21:01:54.518880,-2304.412730039134,-1168.0992528718111,-6689.730159268341,2,-27.13478662129301
1993-036PY,2024-02-23T18:40:29.567136,-873.4491478850427,-1982.5556091640478,6698.643353780971,6,-27.459610314455308
1993-036QB,2024-02-23T20:14:28.668768,2664.1925992966726,1271.4924133648847,-6386.951539349524,2,-27.621184428152972
1993-036QC,2024-02-23T07:38:30.847776,-1577.0271934665664,3633.445792711214,5928.701734376721,4,-27.671073820345423
1993-036QD,2024-02-23T22:39:48.942144,-4409.203507360957,3231.8735644893504,4554.345034447058,12,-27.79368443965276
1993-036QE,2024-02-23T23:46:43.385952,5765.830941883853,-1748.059952864617,-3828.901287497573,23,-28.105009880187477
1993-036QF,2024-02-23T16:55:44.776704,-916.4194641545276,-2728.190585070333,6452.487224033514,6,-27.414891489072247
1993-036QL,2024-02-23T23:48:24.079968,-2909.606445361302,3586.29786137661,5161.625345789104,-1,-27.993772453489782
1993-036QM,2024-02-23T20:15:06.937056,-1376.6616317069002,-4071.51230509258,-5664.0438231606895,0,-27.61297201072692
1993-036QN,2024-02-23T21:04:08.057856,-1647.8917430088695,-5469.369139291346,3741.7444489111317,24,-28.02344036771089
1993-036QR,2024-02-23T22:16:40.233216,-72.59101451599712,-5627.54617902847,4231.738384038166,-1,-28.717955990651415
1993-036QS,2024-02-23T17:21:46.293408,-1387.6138941618299,-1695.585641268871,6692.815607854747,6,-27.38945353106485
1993-036RA,2024-02-23T05:56:50.009856,2194.5826130949386,1893.8832507849684,-6417.549829217138,2,-27.372267872741247
1993-036RB,2024-02-23T17:08:09.046176,-5045.697212849743,4736.591893760608,1135.2495703459865,11,-27.9604431253287
1993-036RD,2024-02-24T12:16:52.011840,2294.3226101680643,4767.38430612443,-4579.055508224902,25,-27.82591604342531
1993-036RE,2024-02-23T20:57:52.284384,-6713.164829038927,2414.857219423764,147.77541885425902,-1,-28.716028817000144
1993-036RM,2024-02-23T22:25:38.538048,1865.6890219970448,6335.370375296509,2261.852466336051,26,-27.918176128129222
1993-036RR,2024-02-23T22:41:07.130688,1524.389555337606,-1482.959425960944,6540.036207322869,7,-27.277574320582254
1993-036RS,2024-02-23T22:28:38.295840,851.5197932837282,-1794.0813306624964,6779.680916666841,7,-27.383045402829307
1993-036RV,2024-02-24T12:01:20.339040,-7002.672639842014,168.9308098541254,-587.8698164027828,-1,-28.511695884511614
1993-036RW,2024-02-24T10:28:30.148320,-1708.188504486068,-2759.596532248573,-6237.578071794533,2,-27.346916803974267
1993-036RX,2024-02-24T02:01:09.044544,4008.4696738515267,4842.292405059416,3447.220532040141,-1,-28.04369893306963
1993-036RY,2024-02-23T19:57:34.326720,-392.0814322093752,4019.9528650416555,-6009.344262211944,-1,-27.782176973394865
1993-036RZ,2024-02-23T19:22:41.056032,1029.1802049281698,1735.1136868263452,-6948.159433904276,2,-27.295808120484143
1993-036SA,2024-02-23T22:20:39.732288,-4866.547682199713,-303.94304704949377,-5537.379409458952,5,-27.8622421676978
1993-036SB,2024-02-24T10:09:47.990304,-7351.080661939695,-1064.722859313804,483.93489793513265,21,-28.10316979283188
1993-036SG,2024-02-24T01:00:13.064832,-1659.9004182183219,1658.0444103866994,6571.583206967596,4,-26.99177765867646
1993-036SK,2024-02-24T01:15:20.482560,-1840.0891110193472,3655.8195408465645,-5648.314308256243,-1,-27.98098168500395
1993-036SP,2024-02-23T20:54:04.413024,-2363.0697320481427,-1688.2360057554852,6452.989958714416,6,-27.29469154135004
1993-036SS,2024-02-23T16:43:18.782688,-3568.9915972244644,-5929.030067994204,-1559.8936153875334,20,-28.1239050428698
1993-036SU,2024-02-23T08:18:46.860480,-2308.420040909129,-2546.607915613389,-6237.07747806007,2,-27.369654666051716
1993-036SV,2024-02-24T11:34:45.714720,5126.216604285909,4144.033889526994,-2155.033732996387,15,-27.937991665809935
1993-036SW,2024-02-23T21:07:29.160768,2973.477622852196,-6365.156831396198,518.3558127231976,-1,-28.55412602538778
1993-036SX,2024-02-23T22:18:45.137376,-5522.025793147578,-96.43093915605164,4537.777919069194,-1,-28.488632301198297
1993-036SZ,2024-02-23T18:30:24.895008,1740.3829793066104,-1695.106997540906,6542.071808323464,7,-27.251176698434044
1993-036TA,2024-02-23T22:36:31.098240,-1116.5558130237507,3484.7448267227737,5997.57391491205,4,-27.567258723621876
1993-036TB,2024-02-24T11:31:33.378816,5608.390314625049,2213.4793577517034,-3648.3129564542414,34,-28.12349418164486
1993-036TC,2024-02-23T19:18:59.264640,1797.5074331499843,1169.6359509805,6839.589394222987,4,-27.318043748597578
1993-036TH,2024-02-23T19:49:03.394272,138.0585603770283,3653.5765243954124,6002.360761096605,-1,-27.66597638252987
1993-036TJ,2024-02-23T20:20:24.178848,4653.350501772706,2118.0983355613002,-4868.589034417506,-1,-28.23284050152856
1993-036TM,2024-02-23T22:12:55.544832,-3665.2729644715696,-2191.3960927604953,-5751.8890040186825,-1,-27.679024639190274
1993-036TR,2024-02-24T04:23:53.291616,-3432.203919369876,-4996.548723037891,4607.781714069219,-1,-28.038600368291398
1993-036TS,2024-02-23T19:48:18.988992,-3103.7914563850604,-6306.169385470842,620.2329659133131,-1,-28.223947704662784
1993-036TT,2024-02-23T22:13:51.519072,-1004.5188325037033,-1904.8234690669074,-6815.507105126365,2,-27.399458844578774
1993-036TV,2024-02-24T04:54:02.920608,2931.439099079043,5750.708279977846,-3641.6030217250145,39,-28.043377163608575
1993-036TW,2024-02-23T23:10:51.658752,6378.975437252368,1882.30190001427,2331.7367473217914,27,-28.175319454799055
1993-036TX,2024-02-23T23:01:22.636128,2189.4105505033976,-1370.9990438481955,6580.552040817934,7,-27.29026754361493
1993-036UA,2024-02-23T18:43:20.303904,2352.123004427312,-3822.286716675291,5530.882059966567,30,-27.7609161371986
1993-036UB,2024-02-24T09:15:26.493984,-819.6722787710279,1913.8462859248057,6820.467542521017,4,-27.04723144421637
1993-036UC,2024-02-23T19:48:05.209056,2622.7193296003566,-844.6883843856074,6333.124764873963,7,-27.415506514728847
1993-036UE,2024-02-24T08:41:40.336224,6767.123180051662,-1809.102345495693,-2683.679001950528,-1,-28.51371654447177
1993-036UF,2024-02-24T04:00:38.604672,-3821.9795789234936,-5448.824425214152,-1732.529728395303,20,-28.00778162892253
1993-036UG,2024-02-24T09:24:43.864704,-4543.342887677271,-1346.059844140076,-5319.2549036049995,5,-27.722074722206393
1993-036UH,2024-02-23T09:05:12.061248,2957.213727318538,6129.0974212698275,1920.513335566918,26,-28.000044296542203
1993-036UL,2024-02-23T21:33:50.732640,-2475.356132027627,-1986.6305637198614,6304.093861851136,6,-27.34792125176319
1993-036UN,2024-02-23T18:57:33.685344,-2201.440493076399,36.28879429098167,-6709.153693214368,2,-27.162354989623974
1993-036UP,2024-02-24T07:01:19.557408,550.9069571129388,2087.560356736189,6773.31248591934,4,-27.06639672799104
1993-036UQ,2024-02-22T07:14:42.146880,-5457.914373940636,-4375.623220714457,-1463.8397757653831,28,-27.88470710760496
1993-036UR,2024-02-23T21:17:23.762976,-5406.464289520644,2270.60546906135,-3833.9620980663117,-1,-28.884435262861157
1993-036US,2024-02-23T19:19:45.290784,180.3289970658723,5974.562717199509,3781.275614893146,8,-27.933963678415825
1993-036UW,2024-02-23T05:12:36.887904,-1402.460780050905,-1840.5467228040834,-6725.285163503355,2,-27.28440745584506
1993-036UX,2024-02-23T17:00:01.707840,3853.8416105009505,-5117.439417895703,-2928.4316800673078,36,-28.407785461935163
1993-036UZ,2024-02-23T22:05:35.216736,-4018.6785486538465,1769.4788393914737,-5611.731250508026,-1,-28.15225933977107
1993-036VA,2024-02-24T01:11:29.270976,-1606.7971816163438,2552.837705413094,6476.711467207583,4,-27.215521473009176
1993-036VD,2024-02-24T12:34:01.607808,5065.429350744378,4727.179070584786,1863.279223447347,9,-28.32609913269649
1993-036VF,2024-02-23T21:31:25.794912,1541.2055072942464,3982.6224725290144,5869.14673493819,-1,-27.70307297964519
1993-036VG,2024-02-24T08:27:43.667136,-3147.7875768570534,-4512.136932330842,-4641.051615168935,1,-27.759732337494498
1993-036VH,2024-02-23T03:19:49.848960,-2529.6528807594837,2293.175352529462,-6350.269387440396,2,-27.530026105061502
1993-036VJ,2024-02-23T14:43:17.853312,5148.406661406176,3624.2356281739994,3334.2916121042717,16,-28.142676223395533
1993-036VL,2024-02-23T22:10:46.919424,7000.535791025447,974.4993426293518,972.219886749762,35,-28.235995206779705
1993-036VN,2024-02-23T22:47:46.145760,204.35889887327136,-6381.56891653695,3142.077886014755,-1,-28.642627284455756
1993-036VP,2024-02-24T02:48:58.760064,498.1372785339769,2466.5764145533267,6562.529224003247,4,-27.09438359036168
1993-036VR,2024-02-23T22:10:25.707360,-5301.35403640152,3765.091513341653,2890.739820742447,11,-27.725368043120255
1993-036VU,2024-02-24T00:54:59.679936,5854.387826504706,2819.007038990229,2984.3753663712732,16,-28.285937444465805
1993-036WA,2024-02-23T18:11:56.083200,-5190.751375638916,-2266.7639652951184,-4333.95765106282,-1,-28.234332003195405
1993-036WB,2024-02-23T20:38:22.627104,-3431.4575869344076,-4075.3472883814616,4748.649625420898,-1,-28.094985822825723
1993-036WC,2024-02-23T22:29:54.324384,1800.5849146804835,-3558.03624265555,-5922.101412670401,-1,-27.798552830115355
1993-036WE,2024-02-23T22:06:45.097920,6219.309807464208,344.00666990157896,3408.9518079989425,-1,-28.356913900065653
1993-036WF,2024-02-23T18:11:28.415328,1528.236932996917,1396.2559474162247,7037.672227137191,4,-27.283101066982873
1993-036WG,2024-02-23T21:10:22.183680,-345.6309778389815,-4426.489374270916,5500.678969895486,-1,-28.32701921619809
1993-036WJ,2024-02-23T23:03:59.879808,2472.865417206051,-2111.557914581177,-6356.658608204207,0,-27.5348376357196
1993-036WK,2024-02-24T11:23:26.750688,-2177.6640879976594,770.3301208383319,6801.343166314623,4,-27.074664205797347
1993-036WL,2024-02-24T01:17:51.567648,649.1221591834145,4304.274674684712,-5764.1367240959,2,-27.715471332584098
1993-036WQ,2024-02-23T22:50:57.240096,-5379.750488979806,2426.4879459982963,3906.3620391416584,12,-27.740603624411417
1993-036WR,2024-02-24T11:43:26.961600,4186.297254640119,-1300.0461859955783,5689.875659758917,-1,-28.229918419757166
1993-036WT,2024-02-23T17:25:41.013696,-138.964633612277,2014.0910935025374,6999.254695653333,4,-27.12319979472955
1993-036WX,2024-02-23T23:04:06.252672,2531.903639054013,-6273.60131244633,2125.315988879437,29,-28.250439244378434
1993-036XF,2024-02-23T14:05:10.566240,3134.8554224562395,-2679.649285915887,5743.586421605967,30,-27.639866853215153
1993-036XG,2024-02-23T22:14:20.157216,-2320.6957985235713,725.2348012169033,-6695.853455486352,2,-27.181511942085507
1993-036XJ,2024-02-23T23:01:59.600640,-3033.949350150297,-1022.2468062373235,-6393.382215531215,2,-27.24399410628258
1993-036XK,2024-02-24T09:23:33.698400,-1333.8144546910278,3909.3528056631562,-5646.181592874188,-1,-27.92133987916794
1993-036XL,2024-02-23T21:05:57.028128,-5812.588055050445,-899.5016323145387,3764.864644353246,-1,-28.346551871452732
1993-036XN,2024-02-23T23:17:29.401152,5975.859911560356,3632.686661314328,1361.57450940183,-1,-28.740951756856767
1993-036XP,2024-02-24T05:45:28.101312,-6719.5108895742815,417.0796050483874,3185.998731378854,-1,-28.217509761702136
1993-036XR,2024-02-23T17:01:48.817920,2013.2149506726073,-1003.51070450564,6720.336514611757,7,-27.318688406200522
1993-036XS,2024-02-23T17:56:27.079296,5295.898939512923,3011.6341001699675,-3742.9029525400506,34,-28.07177728043731
1993-036XU,2024-02-23T15:28:10.593984,6664.052174776709,-2023.9147269305438,634.0434850033045,-1,-28.3879609505816
1993-036XV,2024-02-22T18:40:08.556384,5332.5935281846605,759.2291391445077,-4553.25077880499,-1,-28.159028202534817
1993-036XY,2024-02-24T04:22:44.810976,874.1801296228865,-6210.075865228303,-3482.014731467402,-1,-28.837071720908877
1993-036XZ,2024-02-23T19:32:59.686080,-2517.4824501166886,-6282.390937830133,-1113.583448923606,38,-28.235992364884478
1993-036YA,2024-02-23T02:19:12.422784,1776.204266467536,-1248.331104793382,6752.376179896133,7,-27.295868186411695
1993-036YB,2024-02-23T15:45:02.757024,2117.3643172979832,-2462.1543405425014,-6265.554655802572,0,-27.446679468954112
1993-036YC,2024-02-23T22:24:18.155808,-5301.4410248929435,-4332.394194868353,1915.7739385215032,-1,-28.991222451746548
1993-036YD,2024-02-23T15:43:17.355072,2150.0848877762865,-393.88008328793916,6728.044258405586,7,-27.41844928848752
1993-036YF,2024-02-23T19:03:17.610048,-1277.0049907127254,6815.982400566988,-1527.8688696479444,-1,-28.315321343959045
1993-036YK,2024-02-23T15:39:44.285760,-3725.4134171944393,-4856.917275212,-4292.541176990414,1,-27.853863402705656
1993-036YP,2024-02-23T21:01:22.110240,5589.98282126256,511.49994121413954,4412.464838929143,-1,-28.304572721580783
1993-036YQ,2024-02-23T17:37:44.079744,-5862.965094710426,-2891.003660689394,3005.489304123564,-1,-28.759235386240107
1993-036YS,2024-02-23T02:10:41.370240,-1823.026915302207,-800.9535663080792,-6818.9303477092535,2,-27.212876827663848
1993-036YU,2024-02-24T10:58:39.715968,223.1023584647094,3079.387708146306,-6417.704336488905,2,-27.371444828441902
1993-036YW,2024-02-24T11:48:31.133664,-4287.111097692496,-5358.318227124027,-1838.6817689758445,20,-27.924150897529476
1993-036YX,2024-02-23T19:51:49.906080,2846.19751702136,-2632.598482232632,5890.564441709174,30,-27.55162868537884
1993-036ZA,2024-02-23T23:33:58.533408,1945.847246793037,3015.9725243157263,-6149.955404034668,2,-27.444048415498212
1993-036ZE,2024-02-24T01:29:39.720192,-32.80108739502148,-3247.905573175171,6256.707585526538,-1,-27.6057109524347
1993-036ZG,2024-02-23T22:46:01.925760,2400.7015015166326,2400.0758833593627,6252.636005244295,4,-27.323024029519548
1993-036ZQ,2024-02-23T23:10:58.567296,-2547.849608755754,-299.49833192096094,-5141.004113045441,-1,-27.934925840142743
1993-036ZU,2024-02-23T23:10:21.119808,-753.1813217161256,2612.025854109686,6520.779649639319,4,-27.15739857909806
1993-036ZV,2024-02-23T02:31:08.736672,-161.3975094539144,5035.612799672155,-4918.183635358314,31,-27.87426971252332
1993-036ZW,2024-02-23T22:06:20.301984,-6318.747378701456,-1599.209223059678,-2730.1431897161197,-1,-28.85096388654126
1993-036ZY,2024-02-24T07:35:30.784128,-6064.437148265414,3716.056523173228,555.068808085698,-1,-28.607145307146734
1993-036ZZ,2024-02-24T08:12:24.806592,4586.704808105676,5368.733279587007,3035.8199729275852,-1,-28.227630682221577
1993-036AAA,2024-02-23T13:54:51.260544,722.3230889138957,6247.380734714288,3578.530238427852,8,-27.974738599469607
1993-036AAC,2024-02-24T08:05:51.673632,1463.6949382524622,-1674.3127510110655,6997.187429909454,7,-27.353539507245657
1993-036AAE,2024-02-23T16:16:33.201120,3795.049008893552,-1561.1368460095623,-5939.73853427729,-1,-28.177182488569343
1993-036AAF,2024-02-23T22:50:51.124704,389.4134133570032,-6858.313898068668,2076.4060454475516,-1,-28.676203691305073
1993-036AAM,2024-02-23T22:01:07.705056,1440.7477551342715,2101.493969849217,-6654.428597627905,2,-27.21477686132267
1993-036AAR,2024-02-23T13:31:06.118464,4528.449730968872,4394.233528116292,2667.9554908663895,9,-28.089448518249238
1993-036AAS,2024-02-24T04:36:14.094720,602.9952118774356,3940.4213353494515,5887.9136245352865,-1,-27.804673234166437
1993-036AAT,2024-02-24T05:53:50.641728,-3454.6598027628406,5201.216389621782,3435.8329563785537,-1,-28.10569838356682
1993-036AAV,2024-02-23T11:12:32.179104,3340.041195771655,-3427.2622456891363,5269.279870968705,30,-27.822386665481197
1993-036AAW,2024-02-23T23:16:25.230144,5706.270452353696,-2005.991947271217,-3758.126042475443,23,-28.14528595799625
1993-036AAZ,2024-02-23T07:06:28.000224,5278.071004468914,-3896.9960502061776,-2851.8966317229365,-1,-28.6319813930239
1993-036ABA,2024-02-23T18:03:43.228224,-4826.514059119804,-275.63883059540063,-5374.407765992323,5,-27.8658176733681
1993-036ABC,2024-02-24T02:43:24.722976,2766.873102875924,5358.130564796604,-4447.834873601862,25,-27.957125486383227
1993-036ABD,2024-02-24T09:52:07.737024,-2194.473288941957,-6600.960837913084,-1782.3712846372098,38,-28.438616296428187
1993-036ABE,2024-02-24T04:50:31.200864,-5019.21008466019,-4916.295964716468,807.8919335555564,-1,-28.480468610745124
1993-036ABF,2024-02-23T11:47:44.418048,26.536489104490563,5226.7297313535055,-4930.1436002651335,31,-27.91508814278112
1993-036ABH,2024-02-23T11:45:55.059840,2663.47592455091,-563.0313985053226,-6602.364999940266,2,-27.683156400864867
1993-036ABJ,2024-02-23T11:48:28.698912,-1773.0424065635268,6512.207304900123,-2183.6573950376783,17,-28.270215020745248
1993-036ABN,2024-02-23T21:18:25.392096,-3716.1809812069782,-5355.091020388295,2824.9876307347963,-1,-28.24508339920987
1993-036ABP,2024-02-21T08:36:50.891040,-564.4864856712792,5155.064641748215,-4871.42581521972,31,-27.87117406295664
1993-036ABQ,2024-02-24T09:46:32.974176,4211.683126067167,2471.5755812126217,5226.4919605353525,-1,-27.932860821965253
1993-036ABR,2024-02-23T16:47:58.146720,1370.3783431487295,5134.489719098067,4340.513078731511,8,-27.868455121929735
1993-036ABW,2024-02-23T15:57:58.175424,7112.570351774098,103.9832426717137,772.9992304242345,35,-28.427042468921673
1993-036ABY,2024-02-22T13:59:28.822272,-5455.014743736593,4321.022866898098,980.5330027610544,11,-28.089096597971576
1993-036ACA,2024-02-23T19:26:53.382048,2693.915790465212,-3066.771502059709,5761.08503345958,30,-27.579382238559766
1993-036ACB,2024-02-23T14:35:08.673792,3871.460425114526,4081.230345226539,4247.5097621558625,19,-27.933060534721445
1993-036ACD,2024-02-23T20:59:53.349792,6589.206687222417,-352.793572017088,-2524.2341113683106,13,-28.12563155095728
1993-036ACE,2024-02-23T19:37:07.194432,3852.1424785796808,1147.0957732664165,-5525.716854187509,-1,-28.3652023068789
1993-036ACF,2024-02-23T21:09:14.963616,3418.2745212061527,1728.717765572873,5917.645090642484,4,-27.575520756177333
1993-036ACM,2024-02-23T19:53:07.298880,-4039.197998988993,-600.0925206712625,5867.09357317202,-1,-28.093736654740617
1993-036ACN,2024-02-23T23:23:19.480128,1972.6834443471425,-2692.9309965925117,6291.252261475766,7,-27.42270296500202
1993-036ACR,2024-02-23T13:38:09.152736,-4757.848764013599,-241.47906202944762,-6120.262493487803,5,-27.920524352561152
1993-036ACS,2024-02-21T13:52:56.979264,5258.175263943944,5059.26277977702,-2950.9861116758684,-1,-28.332482279901697
1993-036ACV,2024-02-23T22:26:17.560608,-2003.0599716733122,1664.9839702396985,6633.197578025925,4,-27.041383689772143
1993-036ACW,2024-02-23T18:32:19.943520,-216.57951650754427,2320.532736460421,-6850.895960312781,2,-27.311071274632646
1993-036ACX,2024-02-23T23:16:29.671968,-4991.264514821326,-5022.277534990479,9.22704714124921,20,-28.153701452739035
1993-036ACY,2024-02-23T21:40:06.418848,-1975.793845155937,5394.102538309313,4184.554659800387,32,-28.0945430434525
1993-036ACZ,2024-02-22T19:38:11.703264,-3199.1636862492473,-4089.478379221729,4652.64776008823,-1,-28.03908517790824
1993-036ADC,2024-02-23T21:43:50.321856,-2619.5916377725994,-6522.597873535496,780.9388633060418,-1,-28.300684351299935
1993-036ADD,2024-02-23T23:02:19.279968,3528.145256566093,-4275.00774998134,-4524.8607603264845,-1,-28.548701023470937
1993-036ADE,2024-02-24T07:12:30.374784,-2491.177522046048,-1100.4038934859138,-6515.042042626192,2,-27.132218551423776
1993-036ADF,2024-02-23T18:09:51.712992,5235.185903717742,4262.204968893959,3780.0999906939915,16,-28.3031078675867
1993-036ADG,2024-02-23T10:52:46.187904,-6157.282676710021,-1572.3891630496303,3244.3293984597053,-1,-28.245425470656684
1993-036ADH,2024-02-23T08:56:45.468672,1606.9147752444285,-3325.282818650514,5889.67694600552,7,-27.636291278042897
1993-036ADJ,2024-02-24T05:49:26.848704,-6730.832159281646,-1146.5195620934142,2165.607947114793,3,-27.90849602151139
1993-036ADK,2024-02-23T13:40:44.982912,-4670.332694417013,4672.252371240928,2408.3418044628384,11,-27.73486698974842
1993-036ADM,2024-02-23T17:48:31.764384,-1410.7313044054154,-5463.37477622156,-3879.610008131147,-1,-28.42396611924342
1993-036ADP,2024-02-21T21:09:56.255040,-715.5338011806641,-6728.3878043193645,-2141.7344264416292,-1,-28.762718195939073
1993-036ADR,2024-02-23T22:33:57.361536,4345.191902352754,3871.0362981613357,-3998.6957028854545,-1,-28.04069153783362
1993-036ADV,2024-02-23T19:37:42.644352,3347.5451060140413,4666.025834383905,-4210.612562875486,-1,-27.912832793785487
1993-036ADX,2024-02-23T04:12:36.357120,1588.0869914073917,1344.7353247230415,7088.908168183415,4,-27.321730805500728
1993-036ADZ,2024-02-24T12:47:24.125568,-1627.872441884102,5099.386951448356,-4663.335293242921,18,-28.01369500880033
1993-036AEB,2024-02-24T01:17:02.029344,739.9805775915696,-2462.384814780203,6541.712227582172,7,-27.36876345648654
1993-036AEC,2024-02-23T09:10:43.948704,-1422.2577416777256,-3763.7354681368233,-5782.72467448867,0,-27.519433650573234
1993-036AEE,2024-02-23T11:01:37.192800,2126.4491229211944,-4538.701722804394,4938.95007643359,14,-27.985454285731993
1993-036AEG,2024-02-23T20:03:53.587296,-4943.045762694,2046.601489808559,-4571.573966636116,-1,-28.787389111719538
1993-036AEH,2024-02-22T11:52:46.092288,5553.292219356401,820.6958892375799,4244.842188962073,-1,-28.271015123262305
1993-036AEJ,2024-02-23T14:13:40.396224,1317.713721883566,4362.739777721652,-5225.360511356239,2,-27.72801938054503
1993-036AEM,2024-02-24T08:20:55.148064,3338.9673925399134,3120.2982426688477,5098.50002692755,-1,-27.737769044723244
1993-036AER,2024-02-23T12:18:28.581120,-1638.5545631161324,4807.133556953274,4992.798469017993,-1,-28.009237524354724
1993-036AES,2024-02-17T15:31:51.883392,5841.590803457899,-3989.6995198889967,650.3102216306289,22,-28.387530350408834
1993-036AET,2024-02-23T08:08:46.343328,6331.536288057255,851.4411320713496,-3245.3371640393093,13,-28.122633267489036
1993-036AEU,2024-02-23T20:36:24.806880,-3257.7279329665034,-6335.598037497754,-483.01585904595885,-1,-28.13631654950797
1993-036AEW,2024-02-22T15:20:14.311392,-1534.1027476003514,1860.4887940773672,6744.713482846469,4,-27.012793822644074
1993-036AEX,2024-02-23T10:19:10.003296,-3640.4493091113904,228.34558534181065,6133.338856132429,-1,-27.746300682953848
1993-036AEY,2024-02-24T12:11:23.318592,-383.5236438249084,5112.366076234213,-5006.321792162141,31,-27.881351635366055
1993-036AFA,2024-02-22T20:40:10.457760,-3240.8030957128212,-2252.233556191342,5842.642675295204,6,-27.835304582155178
1993-036AFB,2024-02-24T11:47:21.852960,6013.431276823083,3138.019375778555,-1986.5483165333444,15,-28.096534571786748
1993-036AFF,2024-02-23T15:26:55.157280,-2099.76686153706,392.70980646720346,6749.912370367479,4,-27.125869315543973
1993-036AFG,2024-02-23T21:30:09.442368,1927.4255500331099,3171.1088160784925,-5999.663110889112,2,-27.47454936384881
1993-036AFJ,2024-02-23T13:35:06.753696,-2117.91189585118,-6753.154809453028,-462.3410467399414,38,-28.36949138071302
1993-036AFM,2024-02-23T22:22:06.295584,-1954.8176595814557,724.1842770780073,6710.520463619559,4,-27.055877400024826
1993-036AFN,2024-02-23T04:52:15.335328,1026.8462485777336,1865.289787084167,6816.788360917177,4,-27.095000757026117
1993-036AFP,2024-02-22T18:43:06.848832,-1000.9992565165343,1763.1404695658407,6654.259055875605,4,-27.01908573942908
1993-036AFV,2024-02-23T11:05:42.720000,1180.651865893204,-2136.839521341875,-6720.552915692289,0,-27.281898012677257
1993-036AFW,2024-02-24T11:15:30.364416,549.8430095940962,5507.046109035816,4471.065824465936,8,-27.881229868816764
1993-036AFY,2024-02-23T12:40:59.708640,-1832.572060390323,-5629.9977410766405,-3794.400531696998,-1,-28.295127693077358
1993-036AFZ,2024-02-23T23:33:16.770240,-5127.144040212235,-3728.129442819405,-3385.39739068344,-1,-28.174387309250715
1993-036AGB,2024-02-20T21:07:04.764000,-1661.0819996006737,-2501.6234444225547,6404.321073616897,6,-27.32341879167672
1993-036AGC,2024-02-23T16:20:10.406400,5806.7092838539675,-2014.495793774269,-3542.654855475835,23,-28.16086937195587
1993-036AGD,2024-02-22T07:48:49.099392,-5588.2034183637215,-4187.692886458295,-1712.1832081803454,28,-27.946324216145186
1993-036AGF,2024-02-23T13:13:59.709792,-2057.793142627638,-5576.623430415757,3983.6294115804862,24,-27.9003908539116
1993-036AGH,2024-02-23T13:53:27.431808,-1850.3842347708423,-1405.4384457033404,-6612.3514122516135,2,-27.166294027400188
1993-036AGK,2024-02-20T12:40:18.895872,-2189.0076484521137,1502.053986572349,6527.047385837153,4,-27.06655272693326
1993-036AGL,2024-02-23T11:14:21.354144,-1628.7007577144614,1210.5358179213843,6779.837393874947,4,-26.99928380165665
1993-036AGN,2024-02-24T00:02:10.817376,2122.3914525385903,4772.756727437141,-4705.880463885706,25,-27.823659300688007
1993-036AGP,2024-02-24T12:35:26.079360,1965.8618095388708,149.35939198020458,-6820.978028849024,2,-27.559652576743208
1993-036AGR,2024-02-24T10:54:08.081280,-1197.4353743605209,1559.318873498621,6819.945938943554,4,-27.015895653951688
1993-036AGU,2024-02-21T06:41:08.878272,-6776.043329146159,942.4126183971807,2064.3466064747026,-1,-28.117357092656224
1993-036AGV,2024-02-24T08:47:51.381024,2917.2261082738987,-3410.746307677732,5431.675439683562,30,-27.68981906785691
1993-036AGW,2024-02-22T12:27:55.244160,3322.1763976545494,-3542.1891065666696,5216.065750551108,30,-27.84649299445125
1993-036AHA,2024-02-23T07:58:49.029024,4268.803986148175,-1011.623954093675,-5465.248452589173,-1,-28.31680025773467
1993-036AHB,2024-02-24T05:31:03.372096,2591.843907759937,-3103.02244635711,-5875.141550902672,-1,-27.853954428320396
1993-036AHG,2024-02-24T10:47:42.612000,1363.4720554577186,2173.063642523562,-6621.121556331811,2,-27.20975004879982
1993-036AHJ,2024-02-23T21:51:07.306272,2458.3072619355776,-3502.553385976613,-6052.030779567779,-1,-27.975138508596533
1993-036AHP,2024-02-22T14:58:32.087136,-6969.7306715303175,1509.785726799123,-183.89683003700787,-1,-28.490856208457398
1993-036AHQ,2024-02-23T20:50:51.843840,-1970.3370481853651,545.2898323873222,6756.345983450242,4,-27.095492769753132
1993-036AHR,2024-02-22T17:35:08.125152,-2826.5706152268726,-689.4166907704042,6659.387611495497,6,-27.371404711362953
1993-036AHU,2024-02-23T12:21:42.052320,1878.2123719418744,742.8726226872892,6842.865361597641,4,-27.437788592545346
1993-036AHW,2024-02-22T18:43:59.824992,5821.082261600725,-1404.0505137689047,3609.917168075632,-1,-28.500328455465453
1993-036AJA,2024-02-23T17:18:49.542336,3756.7575582643453,3749.99406405366,4465.832164231005,19,-27.891491219773478
1993-036AJC,2024-02-23T16:25:15.998016,617.1868703036121,1866.6742458194876,-6807.235980500104,2,-27.286386626178835
1993-036AJF,2024-02-23T21:45:51.215328,4071.225423661875,2296.8648281658625,5226.048495431936,4,-27.874871132950005
1993-036AJG,2024-02-23T22:42:32.076576,1077.7105054947162,5680.535033964096,-3973.980746148318,-1,-28.08082287374438
1993-036AJJ,2024-02-24T08:30:36.974304,560.2394368011443,6707.107803809585,2034.5565376572047,-1,-28.183380043394614
1993-036AJK,2024-02-23T21:01:27.950016,-1801.8381523971643,-2895.95711364273,6123.634400537219,6,-27.43107844275178
1993-036AJL,2024-02-23T22:05:13.822368,-4352.1214857175755,-3858.2938015477553,3841.696005285055,-1,-28.359449507648613
1993-036AJN,2024-02-24T08:06:10.157184,-1323.4831765451736,-1962.2465533328063,-6737.491566494881,2,-27.308389522640628
1993-036AJR,2024-02-23T23:02:17.823264,75.21093935024251,-1988.0269207087815,-6862.553873122743,0,-27.465237135916542
1993-036AJS,2024-02-23T17:38:28.322592,-3049.967782151027,-940.0488431178167,6338.405188686009,6,-27.46613496481279
1993-036AJU,2024-02-23T19:59:35.473344,3774.1145827867244,895.8414555322994,5907.705951088164,4,-27.730324510098693
1993-036AJV,2024-02-24T02:19:24.016800,2056.007268891127,1671.1363315697004,-5643.334861943182,2,-27.652904581529622
1993-036AKA,2024-02-23T21:56:42.952992,-2750.5979248497606,-3242.813325365365,5623.711931817313,-1,-27.869341693571087
1993-036AKB,2024-02-20T21:07:43.083264,-52.8693125292068,-4594.800763538948,-5481.284656690491,0,-27.9350677251859
1993-036AKC,2024-02-23T09:52:17.622912,2336.2105085009416,-6644.074567637377,1704.6076096920347,29,-28.313382110015777
1993-036AKD,2024-02-24T09:34:39.608256,1776.352905591218,-1057.2602626956855,6763.282148724884,7,-27.326513244069133
1993-036AKH,2024-02-24T08:10:00.141024,-1068.4198410457352,3051.5007151842183,-6775.015510204783,-1,-27.570497367469887
1993-036AKJ,2024-02-21T05:25:47.871264,-5607.869078726712,1061.3359109259763,4244.286336169286,12,-28.1125349809201
1993-036AKK,2024-02-23T20:16:41.717856,-3664.0259586148695,-4471.151861228258,4084.6139080332537,-1,-27.988447875416107
1993-036AKL,2024-02-23T22:51:33.020064,603.6045219103584,6796.835209134974,-1915.3650354612278,-1,-28.57605783725836
1993-036AKM,2024-02-23T17:54:02.205504,-5204.303353613021,4085.2563991703482,2390.181099229674,11,-27.704255528117958
1993-036AKP,2024-02-24T02:41:18.771648,3197.6591409188695,3532.558519601227,-5129.234749235608,-1,-28.054914005458038
1993-036AKQ,2024-02-23T20:46:10.968672,-1942.3337284758836,133.32173121179557,6805.0316568553035,4,-27.205010875201314
1993-036AKS,2024-02-22T21:43:18.228576,-4454.707125723322,-1984.9369554981527,-5200.468029368464,5,-27.817674619970067
1993-036AKV,2024-02-23T08:26:11.995008,6815.711943113853,-997.1361619610133,-740.2926159705266,-1,-28.582044312094663
1993-036AKX,2024-02-19T14:01:00.152256,338.2120681159465,3388.3825994223066,-6320.553881926222,2,-27.452304579244846
1993-036AKZ,2024-02-23T17:41:59.416800,-835.4521137124906,-3530.5132794620395,-6109.7110390568805,0,-27.42443399866086
1993-036ALA,2024-02-24T09:45:52.010208,-1238.0899021074522,-6497.076064354944,-2560.0586239474005,-1,-28.659044565415975
1993-036ALD,2024-02-23T11:29:47.260608,-3485.88471178673,5598.80816966599,-2807.5864826189604,-1,-29.014355681021975
1993-036ALG,2024-02-23T13:28:20.459424,1362.1373847518914,-2381.868607185208,-6689.91600002813,0,-27.280494574024136
1993-036ALJ,2024-02-23T05:35:00.654144,-536.3562410053478,-3031.0719593793183,-6270.380315164052,0,-27.360677456323398
1993-036ALK,2024-02-20T11:59:52.562688,-3541.0890746666746,5740.997325112265,2343.395948176772,-1,-28.214037236630276
1993-036ALP,2024-02-23T14:35:17.514240,-4888.975449120954,1669.8464451266866,4825.909671331986,12,-27.968075477829867
1993-036ALU,2024-02-23T22:06:38.458080,-1741.1887747108303,981.6050236356889,6699.574896344942,4,-27.017845547033186
1993-036ALV,2024-02-23T12:04:31.549152,4710.301936678743,-4959.433629435025,1995.7063272614048,-1,-28.31922396621657
1993-036ALW,2024-02-23T22:33:13.517856,-2274.6177228986894,695.0851000116703,-6683.366333469768,2,-27.17644203285438
1993-036ALX,2024-02-23T16:59:59.585856,-7012.787507071044,-809.5643115546337,1628.7854130630833,3,-27.939006032416582
1993-036AMA,2024-02-23T16:37:37.369632,6877.2310760875125,-674.1949883904114,-2955.774846837566,13,-28.164531326905735
1993-036AMB,2024-02-20T09:11:54.694752,2358.9195733804445,-1845.077087624866,-6512.755699918838,0,-27.494027529289202
1993-036AMC,2024-02-23T07:14:20.874336,-6514.240063539724,2265.523268631367,-3220.467828421459,-1,-28.81735630047138
1993-036AMD,2024-02-18T23:43:59.155968,-2561.992713021728,-1122.4724843375636,-6627.579708100285,2,-27.151265144261878
1993-036AME,2024-02-22T07:15:03.371040,-1144.3961873528624,1568.6076043003125,-6741.692319918388,2,-27.31477508898145
1993-036AMJ,2024-02-24T11:14:04.073280,-230.05417184189494,-3203.189065161509,-6059.440653916588,0,-27.378331865657405
1993-036AMK,2024-02-23T22:17:31.483104,2561.770906183493,5983.193680354598,2157.5853044761643,26,-27.943441396864067
1993-036AML,2024-02-24T05:49:07.724928,7245.365691694635,-628.8840809265172,-394.90479359052625,-1,-28.65189821872029
1993-036AMM,2024-02-24T04:34:26.701248,-2271.6910935524334,127.20642476037676,-6681.986947435944,2,-27.15903970787361
1993-036AMV,2024-02-24T10:45:34.510176,1095.7947578249855,-5883.046247432653,-3552.749305220781,-1,-28.761917269430903
1993-036AMY,2024-02-22T04:04:12.908640,5371.380312934795,-1079.5145197549962,4498.81481714144,-1,-28.445570817355826
1993-036AMZ,2024-02-23T18:42:25.732800,2942.8722195333276,-5456.65577959167,-3991.307994712175,-1,-28.68549345409003
1993-036ANE,2024-02-23T06:24:27.755424,-5327.950038369848,4311.058853957506,1764.4211030417675,11,-27.80037196724172
1993-036ANH,2024-02-22T15:38:01.976064,1980.7016885915382,-5801.620392588465,3432.849497466535,-1,-28.30862313903101
1993-036ANJ,2024-02-24T08:14:55.360320,-6586.923420660327,-935.9746603050103,2216.435104673173,3,-27.891414295709087
1993-036ANL,2024-02-23T03:39:07.761888,1930.0501531355167,2420.0798333469065,-6496.230310440989,2,-27.333019213160107
1993-036ANM,2024-02-23T07:11:08.257632,-5957.1107965260035,2129.30250758982,3647.770986173075,12,-27.924876743836855
1993-036ANN,2024-02-23T17:13:34.436352,-3445.444357497877,-4519.953460084669,-4319.842768924798,1,-27.753178066533273
1993-036ANR,2024-02-23T16:50:15.063072,-6245.594299472301,665.098339375767,-3247.9486949001307,-1,-28.7382134829676
1993-036ANW,2024-02-24T00:51:45.316224,2968.7882095354485,-3571.268957562214,5026.44176627513,30,-27.806063509045458
1993-036ANZ,2024-02-19T02:42:56.581632,-2907.638833800928,-376.9467987210885,6347.1523223364275,6,-27.377657175729965
1993-036APB,2024-02-23T08:03:22.179168,-2939.683068066645,-5547.83014255666,-3383.427830620056,1,-28.01013779968189
1993-036APC,2024-02-23T02:00:12.887136,1248.1235913296252,-3432.8205983810976,6025.957324600583,-1,-27.68282866013778
1993-036APE,2024-02-22T09:12:56.520000,1084.0649664507855,6781.100204568657,1761.3379171366357,-1,-28.072089695862804
1993-036APJ,2024-02-23T00:55:44.006592,-1235.5817354271223,5662.526346380602,-4113.3445360489595,18,-28.003352388506915
1993-036APK,2024-02-23T16:12:20.772288,-1636.6548438123177,1765.2874839582091,6706.03084793632,4,-27.002823645480408
1993-036APL,2024-02-23T13:54:52.814880,1089.6224943549632,-4996.100687490139,5715.818194729922,-1,-28.504362577801363
1993-036APM,2024-02-24T01:03:44.149536,-2216.3911792895824,-3880.1193311403995,-5421.272726579557,0,-27.67635740631046
1993-036APN,2024-02-23T22:18:45.330912,6785.522635161622,2014.7410876024267,375.2061784805707,-1,-28.493252269301895
1993-036APP,2024-02-23T18:22:36.882624,-4445.6479306331985,-3823.807140851186,-3783.276947396232,-1,-28.020448613812352
1993-036APR,2024-02-24T03:39:32.729760,1641.1508096167413,6839.465964224109,1142.9471628037645,40,-28.092133504589412
1993-036APT,2024-02-23T21:55:44.678784,-4744.872389412024,-548.9132415325089,-4986.52055020079,5,-27.898418215006664
1993-036APW,2024-02-16T11:13:22.948608,3598.625669911997,-5088.25385215331,4066.891631716421,-1,-28.360613259214357
1993-036APY,2024-02-23T07:08:51.148608,2339.8756900628996,4767.265652812222,-4638.285129504813,25,-27.828285335188145
1993-036AQA,2024-02-19T22:53:47.109408,1313.1898872870422,-2305.843860883466,6560.176138644131,7,-27.306727290170123
1993-036AQB,2024-02-24T09:24:14.903424,2413.1612365323726,-662.9121357107219,-6907.4483037629925,2,-27.64205661924208
1993-036AQE,2024-02-15T16:04:19.271136,-2267.813281677254,-1731.2773709949383,-6443.857194667098,2,-27.179317100514798
1993-036AQG,2024-02-23T15:07:02.915904,6576.524414115202,-120.0941060631594,-2538.6005276668916,13,-28.12315905291245
1993-036AQM,2024-02-23T06:50:35.156832,1536.2058752814764,-2619.663514835195,-6346.045280949599,0,-27.32375066471861
1993-036AQN,2024-02-18T13:21:42.945984,1913.0275991600665,-5514.666012924375,-4071.1590106974363,-1,-28.740957765650773
1993-036AQP,2024-02-20T09:29:32.210016,760.3131465678325,5987.750965556735,3700.908735432348,8,-27.899994208879026
1993-036AQS,2024-02-23T09:28:30.551520,-1915.523833297637,-3142.7135879256853,-6211.187047405393,2,-27.444798119539097
1993-036AQV,2024-02-24T03:51:03.216960,-2159.1488456423126,-981.0249187301735,6654.810820863043,6,-27.29540553481702
1993-036AQX,2024-02-22T13:59:21.149952,-1977.352346045817,3159.376702515235,5904.156128625426,4,-27.5959577613891
1993-036ARA,2024-02-24T09:26:47.256000,-6248.84651689635,-3210.971418725706,-442.44222837060215,37,-28.146887126568064
1993-036ARD,2024-02-23T14:49:07.476960,2049.397259816649,1975.406493314308,6517.2766220663625,4,-27.207972010393107
1993-036ARJ,2024-02-20T16:10:13.720224,-4619.075496137385,4655.894952996469,-2655.4779844490167,-1,-28.79013995340065
1993-036ARK,2024-02-23T21:17:56.728896,3867.346533198144,4774.039091525284,-3149.3929136308348,10,-27.974368603931282
1993-036ARR,2024-02-23T20:29:56.069088,695.6383365513656,1809.1431784066822,6823.07216156845,4,-27.103388662898215
1993-036ART,2024-02-23T05:52:21.426816,4097.786417708813,-4925.474194057731,-3097.1613545701152,36,-28.43214098172401
1993-036ARV,2024-02-23T05:00:51.079392,-4986.7315263453565,3989.3837604238165,2825.7465580266485,11,-27.68358524928092
1993-036ARX,2024-02-23T21:44:15.398592,2108.8325519643013,4925.816077680453,5455.142390069918,19,-27.908929305727867
1993-036ASE,2024-02-23T06:07:02.618688,-6318.751666670429,-3252.917525789498,-697.9043233217067,37,-28.127250100984103
1993-036ASG,2024-02-23T03:17:44.931840,-7046.343707937555,-880.3923786054329,-220.5888798192827,21,-28.20052151049912
1993-036ASJ,2024-02-24T02:56:02.750784,1317.4377784919732,6792.046129284946,949.0585437351185,40,-28.18971712043467
1993-036ASK,2024-02-23T09:55:01.469280,-6672.253899872682,-1556.6457846671344,2100.6269090665974,3,-27.998942792902163
1993-036ASP,2024-02-24T06:51:54.256896,3786.3886241346354,704.9588801945252,5924.643293479722,7,-27.754103351750217
1993-036ASS,2024-02-23T10:28:11.651808,3636.9526499853364,-5625.763829524155,2381.1156976349907,-1,-28.387013037473455
1993-036ASW,2024-02-24T08:58:43.104000,1360.9999500044332,-1746.600190790059,-6784.721465420114,0,-27.358501706294863
1993-036ASX,2024-02-23T14:03:17.943840,2062.66414725347,-7045.789213336581,2154.9984761998553,29,-28.454164987863738
1993-036ATB,2024-02-21T21:56:52.360224,-2892.83269033028,-4192.532466422134,-4954.277208120751,1,-27.775076569568757
1993-036ATC,2024-02-23T15:12:06.963552,3245.2584703708208,-2726.9511376269775,-5929.621485606424,-1,-28.010980953918736
1993-036ATG,2024-02-23T22:14:36.131712,7056.2658825772805,686.104644694906,1333.3303915012943,35,-28.249329715263332
1993-036ATH,2024-02-24T08:34:13.835712,-533.0642100346121,-7260.716444798954,2075.0223480533177,-1,-28.814569387326976
1993-036ATJ,2024-02-23T19:42:44.122464,-4888.352424326806,5006.013153083169,1027.2782917179738,11,-28.04647270501903
1993-036ATK,2024-02-21T19:35:27.081024,-4860.413264054061,-1983.4080221194993,5639.005527339692,-1,-28.736373044789346
1993-036ATM,2024-02-23T20:11:09.919392,6724.290343680069,-1897.6991395816488,618.4105188658677,-1,-28.392890777772447
1993-036ATN,2024-02-23T07:30:01.141344,2558.9322650966624,2234.045159097554,6427.552125813068,4,-27.3549293651501
1993-036ATU,2024-02-24T02:46:43.210560,-1969.407486693322,635.200520255258,-6741.240192768309,2,-27.195566740116636
1993-036ATW,2024-02-22T11:14:49.434144,6604.995614125336,1862.686756202723,-1827.6219343547687,-1,-28.54652354763871
1993-036ATX,2024-02-22T19:29:50.960832,-2007.4354841210304,-4449.512261852837,-5350.8050526858915,0,-27.810046024691008
1993-036ATY,2024-02-24T08:49:41.007936,3051.3147498341186,-313.8035440055001,-6449.239870078539,2,-27.86463698454001
1993-036AUB,2024-02-23T16:00:53.160480,-3578.389781078166,1602.4127385424306,5857.8321783567435,33,-27.772987940745068
1993-036AUD,2024-02-23T16:37:24.476160,724.8933151317503,-1847.017305824919,-6800.372271566846,0,-27.392085060946904
1993-036AUE,2024-02-23T14:48:33.164064,-6088.338797363854,2630.681567093329,2197.171801305391,-1,-28.287739777346268
1993-036AUG,2024-02-23T17:23:19.011840,-4147.370193159309,-2957.6332245514177,-4875.068124634209,-1,-27.9480948078389
1993-036AUJ,2024-02-24T07:48:53.843616,-7070.985492931234,-1643.5329434271673,134.97714120140344,21,-28.011857700228454
1993-036AUM,2024-02-22T14:51:33.836832,4768.704975534153,-5007.0067057802235,1133.1601547871069,-1,-28.367874083641926
1993-036AUQ,2024-02-22T20:26:25.178784,92.62943629473807,2208.9466996982246,-6728.635377024762,2,-27.280108425477795
1993-036AUR,2024-02-24T11:17:12.746688,476.5420470271776,-3340.9754200887664,-6357.381749695014,0,-27.378001507817842
1993-036AUS,2024-02-24T11:56:40.193952,1622.6467313292924,1400.7426330031856,-6571.669192259841,2,-27.27658062045508
1993-036AUT,2024-02-24T10:26:01.930848,5004.8020971944725,4675.481078563415,-1486.3797612507633,15,-28.097536567116762
1993-036AUU,2024-02-23T20:19:59.075328,-1421.0347794382944,1363.2167568983602,6765.242621494087,4,-26.99965465289267
1993-036AUV,2024-02-23T18:53:05.535168,-5175.349347760259,4264.400717749532,-1201.4432099068715,-1,-28.47225277342108
1993-036AUW,2024-02-23T02:21:21.613248,-384.9684509503472,6843.5478606604365,1873.7676793712762,-1,-28.54356425928447
1993-036AUZ,2024-02-23T11:50:03.050304,5382.826781077529,4631.593490865823,-898.3846032440891,15,-28.28392568806761
1993-036AVB,2024-02-24T06:49:47.991936,-1882.311216830167,656.064781703592,-6879.343894296788,2,-27.230612446099993
1993-036AVL,2024-02-22T18:55:56.055936,3274.8197935512917,4022.6982279510057,4737.257896639127,19,-27.75545376023181
1993-036AVQ,2024-02-22T23:46:25.637664,-4407.3715500100825,2697.9109803525544,4760.557839460055,12,-27.781032026249754
1993-036AVR,2024-02-17T08:48:38.761920,2920.338380654059,4264.697178210183,5109.46957819109,19,-27.69883830263238
1993-036AVS,2024-02-20T07:23:05.446752,-5858.82007363609,-3902.773656857523,-1052.757569472758,28,-28.003107338467956
1993-036AVV,2024-02-23T19:56:21.461280,5111.047757706136,2668.3832337061026,-3999.793618416162,34,-28.0788776922907
1993-036AVW,2024-02-23T09:28:13.567008,-2312.974717523839,-3008.450644816296,-6061.778730773923,2,-27.4886403294856
1993-036AVY,2024-02-23T06:31:46.642368,2099.245503235805,-5078.947206136497,4527.156266290833,14,-28.120373619222626
1993-036AWD,2024-02-24T03:05:08.537856,-2913.986883187382,-5185.038597285509,4027.2706827269963,24,-27.82489504421625
1993-036AWF,2024-02-23T15:54:46.730304,6732.676944722178,1896.6769702128006,-1504.8858892034875,-1,-28.677688188074058
1993-036AWK,2024-02-19T13:51:10.016928,-919.4172914604331,-2299.4716941958627,6602.639670476874,6,-27.402141616389933
1993-036AWN,2024-02-10T07:25:37.613568,147.683357843889,2180.075718648367,6664.554905900889,4,-27.06930085289686
1993-036AWP,2024-02-23T03:38:09.849696,4417.992108658569,-5169.811343535577,2154.4617172298263,-1,-28.360927125683478
1993-036AWU,2024-02-23T03:18:35.019648,5970.625574636258,1080.6348756166735,-3458.824525502404,-1,-28.129212703057856
1993-036AWX,2024-02-23T21:56:41.077248,-2611.838868851414,-3372.543945444958,5689.069056038874,-1,-27.844925137623783
1993-036AXG,2024-02-19T22:44:51.724032,-5417.141277406239,-3029.1480641792405,-3381.5536012387333,-1,-28.316827228587545
1993-036AXH,2024-02-22T09:27:11.404800,-303.63834505154495,-4250.11712447427,-5694.020448662112,0,-27.683334623056293
1993-036AXJ,2024-02-23T18:28:35.833152,5750.852311862253,-1803.4054278946428,-3704.4581799473294,23,-28.108470985809912
1993-036AXK,2024-02-24T11:52:06.968640,-5784.012403399359,-4156.083552754742,-549.6746657145161,28,-28.063627532810656
1993-036AXL,2024-02-23T15:07:06.872160,1730.9672272306195,-1035.7920122905277,6792.232578230512,7,-27.3403745800234
1993-036AXM,2024-02-23T09:36:04.515264,3359.3878215710643,4690.535156364656,3969.1979236189045,-1,-27.954760292242742
1993-036AXP,2024-02-23T21:06:42.255072,-6245.1077387583955,-2039.680354644645,2551.8328444534213,3,-28.262264414336208
1993-036AXQ,2024-02-23T17:15:03.665088,-2835.6106002688384,5600.633273059028,-3436.294976177785,-1,-28.673763298096276
1993-036AXS,2024-02-24T02:00:50.453856,-1328.6202640179351,6889.098229212777,-616.5765676315259,-1,-28.694061216302863
1993-036AXV,2024-02-23T16:11:24.619200,-3085.141188936073,2441.9527315755467,-5953.162856626567,2,-27.86625150786135
1993-036AXW,2024-02-21T13:09:11.578752,-4458.585933537638,4281.991265734382,3344.1417290783647,11,-27.8255923624633
1993-036AXX,2024-02-22T14:36:31.190976,745.7060969082893,-2345.301183230591,-6700.479494431806,0,-27.277443987458017
1993-036AXY,2024-02-23T20:50:58.645248,-1935.2967397340808,-1813.812540506324,6670.487549020965,6,-27.292615338442523
1993-036AYB,2024-02-18T05:56:53.948832,-2294.795985050252,-2161.0276398558894,6357.440147920533,6,-27.325260870108316
1993-036AYJ,2024-02-22T19:44:31.712064,-3994.634749001292,-4324.126348778402,3842.910053831955,-1,-28.120312095341294
1993-036AYL,2024-02-23T10:04:08.446944,3449.296600324298,5877.208147026814,2203.997370189893,26,-28.09621522655067
1993-036AYM,2024-02-21T04:41:28.304736,-1566.141417131542,-5590.871769192071,4232.1889593462565,24,-28.059230690781657
1993-036AYQ,2024-02-24T04:56:36.250368,-4057.969006277243,-898.2261224825784,-5415.138269172013,5,-27.602937518158747
1993-036AYT,2024-02-24T05:36:32.963904,-4570.900117193148,-942.4873715546744,-5415.088320696176,5,-27.69410550274212
1993-036AYU,2024-02-22T19:30:15.698016,-5099.762431010474,-5269.7668234819,-687.4607610172222,20,-28.01430270811454
1993-036AYV,2024-02-24T07:11:54.879936,-5107.164404496877,4799.889759856366,1856.8407793922065,11,-27.804903401046833
1993-036AYW,2024-02-24T06:13:31.195776,-5419.559500373584,-3830.531187562418,-2522.3631416128237,-1,-28.10951549840548
1993-036AYY,2024-02-23T12:17:50.006112,3454.867145008621,-5807.843297089969,-2242.5064683747178,36,-28.48241363904121
1993-036AYZ,2024-02-06T13:58:21.924480,-3118.387390469475,6267.953755835281,514.1886974633077,-1,-28.8732627509177
1993-036AZF,2024-02-24T12:01:53.887296,-5016.6411279250815,3770.8164446134338,1674.6693299865417,11,-27.912334941877095
1993-036AZG,2024-02-22T19:40:20.994816,-1201.5930289183016,1575.6265596253525,6891.0464390479365,4,-27.02682458217821
1993-036AZM,2024-02-24T11:22:30.264096,-6877.553317796282,1223.653618834696,672.2428096002301,-1,-28.30973405631646
1993-036AZN,2024-02-23T11:54:27.618336,1720.879877937238,1021.8147965422137,6944.877380282771,4,-27.38131188084877
1993-036AZQ,2024-02-02T09:47:30.356736,6754.394565979882,-1362.597103300199,1693.2470287299311,-1,-28.636264842863596
1993-036AZS,2024-01-31T20:09:17.346240,-2446.7357009654534,1301.2602536963159,6479.4582069987055,4,-27.130253696050776
1993-036AZT,2024-02-23T16:19:46.155648,6293.508416117137,2011.115936855804,2755.3957070029724,27,-28.21307380407744
1993-036AZV,2024-02-22T21:11:24.224064,-2610.973015168718,4726.639057708825,4205.88477689308,-1,-28.131151220616573
1993-036AZX,2024-02-23T09:46:24.984768,-1351.1975945818756,-2011.9379406240764,-6635.821930870339,2,-27.290075109784425
1993-036BAL,2024-02-23T04:46:49.168416,-6694.369909497211,-1399.9030870837744,1940.6966912526088,3,-27.950393592102664
1993-036BAN,2024-02-22T13:13:38.682624,-4154.626764719606,3447.158352520332,4918.42978651424,12,-27.933833417106126
1993-036BAQ,2024-02-21T06:29:48.325344,1511.8527340777773,3848.06841365269,-5714.522169016188,2,-27.556515357675625
1993-036BAR,2024-02-24T07:29:38.978016,-4306.485961172551,-5413.385079526013,-1582.517241653715,20,-27.922685331363105
1993-036BAX,2024-02-18T17:30:12.254400,-3719.4186873041263,1180.4155130698643,5865.324739465839,33,-27.817161387596013
1993-036BBA,2024-02-23T17:31:05.618496,5610.464892521864,3799.867802461898,-2104.603371916932,15,-27.940816448470553
1993-036BBC,2024-02-24T03:43:03.904320,-1651.0444423617757,-1760.4943665742885,-6665.000584608987,2,-27.22127185594956
1993-036BBV,2024-02-23T22:25:40.844064,612.0641055848508,6262.896943189824,-3192.9325741585185,-1,-28.34184317202478
1993-036BCB,2024-02-23T16:20:08.488320,-1234.9534400837777,5327.327155167318,-4306.206917276638,18,-27.942352004574374
1993-036BCP,2024-02-22T14:20:57.079104,-1513.1694998564387,6439.393501810665,-2530.0467442051176,17,-28.197638106221003
1993-036BCQ,2024-02-23T12:29:35.621952,207.68007152994417,-2612.7785734396125,-6425.828938423169,0,-27.305787918350916
1993-036BCR,2024-02-18T04:00:48.236544,1889.147887614001,-502.350219246707,-6828.302918805866,2,-27.592757075567203
1993-036BCT,2024-02-23T20:25:01.714656,-2140.859183108671,-5181.30179262349,4423.961318506045,24,-27.895782636888868
1993-036BCZ,2024-02-23T18:17:26.391264,6967.044117874156,846.1382402631532,955.0623855675237,35,-28.24869328338305
1993-036BDA,2024-02-23T19:58:25.083264,-3788.7411150372122,2106.9403195174,-5636.233880064027,-1,-28.148826973203235
1993-036BDL,2024-02-22T09:50:34.510560,-252.67968510380337,6857.437099585655,-2150.242888422809,-1,-28.356314166977093
1993-036BDM,2024-02-23T23:17:24.350208,3909.7834212455136,4937.237030679375,-3157.0062610400078,10,-27.981749073527677
1993-036BDP,2024-02-19T09:20:48.328800,897.6909940980831,1674.2646987451571,-6615.409704115239,2,-27.27775998788907
1993-036BDT,2024-02-22T10:45:54.819360,-1953.8074744397627,-211.96067969512228,-6807.326163478265,2,-27.207105370355094
1993-036BDU,2024-02-23T09:26:28.863168,1434.2549827462774,-6882.788659281938,1151.362972395672,-1,-28.70210593738775
1993-036BDV,2024-02-24T08:48:03.272256,-6900.408257389859,-1737.3449678488464,-366.0442894526653,21,-28.076906970097756
1993-036BEL,2024-02-22T13:14:15.770688,3759.0344777209903,-5369.6694830072865,-2608.290613139194,36,-28.41614816221716
1993-036BEQ,2024-02-20T13:07:08.124384,698.5467155409532,-6215.86196535617,3018.5970603518394,-1,-28.561416454022385
1993-036BEU,2024-02-23T04:19:59.272032,5848.1734774837905,-3553.165439379494,1958.1362483190826,22,-28.351227302823837
1993-036BFE,2024-02-23T16:45:12.977568,5534.301252966721,-52.910678193880315,-4193.991155664885,-1,-28.13228577844733
1993-036BFF,2024-02-23T12:05:14.943552,190.2194012516087,5590.961485913891,-4231.346620115928,-1,-28.019150411002343
1993-036BFG,2024-02-24T07:14:29.566176,2093.6956002335205,1694.9104226115548,6453.055623598021,4,-27.235195262669695
1993-036BFH,2024-02-23T12:06:35.924544,3161.745296269173,-2700.3741641805154,5608.26096629726,30,-27.659327178035095
1993-036BFJ,2024-02-24T11:29:56.106240,3207.8744552389808,-267.02706373253636,6138.74424173603,7,-27.633530396082072
1993-036BFK,2024-02-23T21:25:12.929664,2526.450619472706,3985.980496697868,5215.055178802717,19,-27.616912681275462
1993-036BFP,2024-02-22T06:14:29.310144,1741.6946045942093,-2453.2429918685157,-6330.092865694006,0,-27.34390344749996
1993-036BFQ,2024-02-23T21:46:05.389248,-1432.1609001806232,1438.643811187831,-6854.0297311381,2,-27.282370836631674
1993-036BFR,2024-02-24T05:54:28.373472,-4682.815050858629,-4990.982342631255,-2308.0523733345417,20,-27.926589176148184
1993-036BGB,2024-02-23T09:05:34.124352,6477.448178546991,2101.714326078871,-2885.1752509897688,-1,-28.34419246527314
1993-036BGE,2024-02-24T09:41:44.779200,-2519.468555645263,1959.2526192357786,-6460.440244771656,2,-27.405103408264083
1993-036BHD,2024-02-24T10:10:18.072192,2267.4292968022346,4073.5031367052406,-5063.5546896827145,25,-27.77875476364357
1993-036BHE,2024-02-22T09:39:21.756096,-5262.877107567101,-4671.448198788873,-917.0478293873325,20,-27.89343034712285
1993-036BHH,2024-02-22T11:49:02.276544,2007.4767315762233,-374.22433689821577,-6953.455080981684,2,-27.612872221654296
1993-036BHJ,2024-02-23T04:09:25.356096,1115.9496515074775,2276.538614480139,6708.082069537684,4,-27.083119761058775
1993-036BHR,2024-02-24T07:48:36.116928,619.2879902869429,-2562.0437182183673,6504.316485509339,7,-27.392929579475375
1993-036BHS,2024-02-22T09:10:48.044064,1331.9145521528749,-1643.0395833665955,-6902.974440783588,0,-27.408723474753106
1993-036BHU,2024-02-22T13:08:23.670816,3043.827550809674,-6650.623023752227,244.89125147978626,-1,-28.64966783994562
1993-036BHW,2024-02-22T13:40:35.163552,-1832.5113352862388,-938.7345523629504,-6641.664936679721,2,-27.18106605440475
1993-036BHY,2024-02-24T06:05:45.663072,-3727.3246333252982,344.0975448019611,-6357.50078895096,2,-27.59444011776451
1993-036BJG,2024-02-21T19:52:32.752704,-2528.9555411766564,-1526.5746433456975,6769.458569738814,6,-27.3622487181246
1993-036BJH,2024-02-13T18:54:41.491008,5970.286567630017,3359.066635356901,-2087.2163799362547,15,-28.038680388656864
1993-036BJJ,2024-02-23T09:28:01.776000,-2653.5754362248085,-927.9663078516224,6403.573342619283,6,-27.33084682777106
1993-036BJK,2024-02-22T03:04:50.551104,-3102.417590731713,-5554.9785219569185,3121.4796364974927,-1,-28.04214756178314
1993-036BJV,2024-02-21T18:46:04.080288,1602.8688590076595,3212.4083491810884,6171.62906516034,-1,-27.410594893721285
1993-036BJW,2024-02-23T20:56:58.477056,289.84174767997695,-2979.647480263847,-6219.218391285312,0,-27.323050801986835
1993-036BKC,2024-02-23T11:55:19.384032,-5166.4685469313345,4836.242222173101,-785.6806531065606,-1,-28.62141372742288
1993-036BKG,2024-02-23T05:49:34.367232,-2235.5441936969232,1306.1427431461664,-6623.703566506711,2,-27.212339076114855
1993-036BKL,2024-02-23T06:38:44.743200,5048.3278039001725,3309.364188742525,3680.7468059916605,16,-28.137680599814
1993-036BKS,2024-02-22T22:19:21.814176,-2249.074413580876,344.2314362232939,6666.702730222195,4,-27.136162616534055
1993-036BKT,2024-02-23T15:05:22.666848,6461.881758570448,-2760.1645290289275,-639.815935640939,-1,-28.720705680015406
1993-036BKW,2024-02-23T20:52:06.665376,-432.10864480179663,-5685.538509712427,-4269.46460887824,-1,-28.711464881548398
1993-036BKX,2024-02-23T15:24:05.973984,6110.986527204094,-3416.3286982834175,1717.0790177152041,22,-28.350466599234714
1993-036BLC,2024-02-23T08:57:46.464480,-3713.336537779593,-6137.178947629467,65.57488172740756,-1,-28.190218341214383
1993-036BLD,2024-02-23T16:38:37.059936,-6848.972408925555,710.1042688564597,-1138.1603108385093,-1,-28.588394960906793
1993-036BLG,2024-02-23T15:47:31.567200,6873.001933542517,1840.4580414774366,769.1201602012682,-1,-28.329076296680302
1993-036BLL,2024-02-23T07:49:09.713568,-2610.94094889697,-4715.089180518681,-4640.091370173269,1,-27.807408826677424
1993-036BLM,2024-02-16T04:04:36.073344,-5907.198088690408,3685.5291487449254,-1603.8533510805796,-1,-28.58642192950031
1993-036BLP,2024-02-22T17:20:24.160704,-6921.775895380376,682.6999305719248,-2684.9176923413597,-1,-28.677865636149146
1993-036BLQ,2024-02-23T06:18:02.412288,4801.042698618975,697.4347400184977,5188.090266557786,-1,-28.14441698688897
1993-036BLU,2024-02-23T22:08:27.176928,-2163.7896965016675,-1462.8201625407721,-6914.0546628535085,2,-27.210679297038247
1993-036BLX,2024-02-23T05:27:01.701792,-2877.310315328121,570.5516169037953,-6405.188061355305,2,-27.27683927359898
1993-036BLZ,2024-02-19T16:32:54.140064,-2373.904453395763,3752.975600508329,-5392.50863085731,-1,-28.212535341771076
1993-036BMB,2024-02-12T13:40:14.488032,-1262.5868913792694,4240.431376958961,5553.3391402628395,4,-27.878034660559877
1993-036BMC,2024-02-23T18:57:24.285888,505.1172262707287,-2492.25074291545,-6679.773385964822,0,-27.28898240485694
1993-036BMD,2024-02-24T06:08:07.923264,158.1852446295842,-1991.7105594396178,6546.4562613467315,7,-27.47248149355489
1993-036BMU,2024-02-23T13:37:06.383136,67.13638100820667,5581.271765456112,4365.043218833396,8,-27.91650753713205
1993-036BMX,2024-02-20T14:25:01.231680,-3984.455043460775,1874.5885879550178,5481.403338997821,33,-27.902076414912226
1993-036BNH,2024-02-23T22:38:20.629248,-3754.808620830596,-4265.992326994452,-4309.865179360572,1,-27.812781181177122
1993-036BNJ,2024-02-23T22:54:25.501248,-1383.5110701763065,6744.206293989468,-1149.5109208619326,-1,-28.44493360502661
1993-036BNK,2024-02-24T09:25:34.409568,2258.4298474186876,6323.042613932953,2495.0874006602376,26,-27.954630157376325
1993-036BNM,2024-02-23T14:15:00.482976,-954.8109517933617,3166.801994472413,6319.710246275664,4,-27.395908528050036
1993-036BNN,2024-02-20T08:02:24.342144,2851.367746493179,833.3875591115959,6479.940538877407,7,-27.48825603186788
1993-036BNQ,2024-02-24T11:30:35.221248,-6472.894010592145,-2774.6701571964727,-1072.1631163625686,37,-28.20863989036355
1993-036BNS,2024-02-24T05:02:38.675040,3858.2619152693383,1857.745964028489,5744.631172463094,4,-27.7254436739679
1993-036BNT,2024-02-24T00:58:18.571008,717.6299697684816,-1962.186249498471,-6692.795116664191,0,-27.346987770850223
1993-036BPB,2024-02-24T08:49:12.862272,2576.6841610253396,4422.174740709616,4879.997933152208,19,-27.68788306168573
1993-036BPC,2024-02-24T09:50:49.100064,-5645.713243343484,-516.0186259269929,4123.610663891401,-1,-28.42465984932437
1993-036BPF,2024-02-24T02:17:11.576832,-3535.564446977356,3773.284126645171,-4604.611597329718,-1,-28.85982406466735
1993-036BPJ,2024-02-22T11:30:29.097216,-6990.433044232969,-1341.696984153349,382.9890334041515,21,-27.99504618013455
1993-036BPK,2024-02-23T23:34:13.129824,1313.4400314148365,3825.305952776167,-6242.477432314943,2,-27.5714764258337
1993-036BPL,2024-02-24T09:39:21.235968,-1558.3011167215718,3083.8735943816537,-6224.280947214472,-1,-27.643443198240792
1993-036BPR,2024-02-23T09:56:10.794912,-2193.661078267502,-6621.057105405075,-1033.1949403431513,38,-28.325142575783193
1993-036BPS,2024-02-23T20:31:12.478656,-2432.8760328015355,-5310.769360180228,4278.640532058119,24,-27.847210901646548
1993-036BPT,2024-02-19T23:19:27.941088,-2390.552992168942,540.9111381618778,6482.707991927897,4,-27.132677000516782
1993-036BPW,2024-02-22T16:51:16.939296,1256.5714476433454,1584.2201773921772,-6928.145227477718,2,-27.29747486445926
1993-036BPY,2024-02-23T17:35:02.305248,-1009.7881269239755,1783.597264778848,6868.746489686892,4,-27.037125306947743
1993-036BQA,2024-02-24T12:09:43.590528,2664.4055956160732,-6358.1183401821,-1582.9728636819048,-1,-28.63287452860812
1993-036BQC,2024-02-23T22:16:44.795136,2457.417402634013,2675.3441942952963,6025.585675882741,4,-27.39074054687631
1993-036BQD,2024-02-22T13:53:02.965920,5006.81728291216,-4430.078095666807,-2278.003224913842,-1,-28.58898453378022
1993-036BQL,2024-02-23T15:55:38.730144,4710.621512985608,-1485.535040514208,-5164.272067820781,-1,-28.361062713613215
1993-036BQP,2024-02-23T19:42:56.288448,6380.326256075409,-200.9033535408192,-3200.9130095232745,13,-27.9891472509507
1993-036BQU,2024-02-24T10:37:19.441632,2521.159762151622,-6220.082414438225,-2422.919309300161,-1,-28.64358180731041
1993-036BQV,2024-02-24T05:18:14.111424,1299.04239810764,2321.5881375907616,6645.1368822969325,4,-27.101899648268276
1993-036BQX,2024-02-20T00:12:37.787616,-3980.547476493555,-2526.8735337534267,-5841.953736653574,-1,-27.886401276423427
1993-036BQZ,2024-02-23T05:10:57.580608,-3732.387432976906,2695.8772642883696,5442.767987201005,-1,-27.890078841237504
1993-036BRC,2024-02-23T05:49:20.263296,-2779.8032587136704,5780.060232297262,2926.056772876044,-1,-28.290649024750934
1993-036BRF,2024-02-24T05:45:17.786880,-5979.9053388754455,-2597.74419363596,-2695.809539593916,-1,-28.53887236550105
1993-036BRH,2024-02-22T18:02:03.837120,-3452.151212551455,-242.71203429476466,6340.672101371943,6,-27.62918148154578
1993-036BRL,2024-02-22T09:00:45.849024,-5086.617485527472,-4547.977206709665,-2173.920671260174,20,-27.908833213229933
1993-036BRM,2024-02-20T06:20:07.941984,6516.453333280718,1914.1675223404286,1867.7361367549136,27,-28.18698072967295
1993-036BRN,2024-02-23T17:16:41.034432,-2540.5849546373775,2428.921446109395,-6683.545770675659,2,-27.62046094799615
1993-036BRS,2024-02-22T12:12:04.936608,2373.188422406388,3430.683190267577,-5685.03919798421,2,-27.696901955042467
1993-036BRU,2024-02-18T06:55:31.251360,-3106.9002983425694,5405.208414558937,3260.3815475904776,-1,-28.128465382615857
1993-036BRW,2024-02-23T21:29:51.031392,-2890.0243896118945,-5234.384979457946,-3923.653423646009,1,-27.845003626173416
1993-036BRX,2024-02-23T22:48:37.418976,72.76923120352203,-1965.1418529427256,6726.130477093891,7,-27.502726708984547
1993-036BRZ,2024-02-24T08:21:03.280896,4139.385646849529,3973.6295841680253,-4087.929273001144,-1,-28.029824741059972
1993-036BSA,2024-02-23T11:34:08.565312,-2466.405812662961,356.02302103233944,6721.8917614888405,4,-27.17274789694893
1993-036BSB,2024-02-23T14:00:42.020352,-1743.2191367840771,-5629.211879973541,3962.9586849531233,24,-27.987283616823046
1993-036BSE,2024-02-24T04:01:06.468672,-5124.788665285383,-2719.819779632324,3984.2711512171813,-1,-28.67943468252238
1993-036BSL,2024-02-15T10:33:27.811872,1463.4393396242638,-4726.983311262145,4946.3763519809345,14,-28.186950204114964
1993-036BSM,2024-02-22T14:19:28.056864,-269.8609577826261,2645.11447019112,-6689.904924680976,2,-27.32508962470063
1993-036BSP,2024-02-22T16:50:11.537088,5115.0615325284,1349.2254726605488,-5448.194905233411,-1,-28.39235501757241
1993-036BSY,2024-02-23T07:28:54.152832,910.3526812835021,-2287.626118639865,6624.811852154609,7,-27.337859998665003
1993-036BTC,2024-02-22T08:40:51.730176,3253.833281167445,5994.64256066401,1505.149185253645,26,-28.15786526096924
1993-036BTL,2024-02-23T07:21:20.239200,2512.73411227528,556.9460669850299,6574.663140184837,4,-27.457968623614963
1993-036BTP,2024-02-24T11:00:39.285792,-1755.500075351558,5610.719861403785,-4029.8565798332784,18,-28.12422953434694
1993-036BTT,2024-02-19T10:32:33.892224,648.2691459444922,-3683.6819643393283,-6210.830514976763,0,-27.514114946533706
1993-036BTV,2024-02-24T08:53:45.179520,-1937.381898536897,-1986.899930624291,-6438.360723079986,2,-27.210305361624407
1993-036BTW,2024-02-22T16:30:25.048224,5571.340947628885,-1733.519275303359,-4032.5675691928095,23,-28.127053451118538
1993-036BTX,2024-02-23T21:59:50.415072,-3140.759984356489,-4983.286243223871,-3854.5371563559106,1,-27.783076590631705
1993-036BTY,2024-02-23T08:39:30.079584,-6605.838560907874,-2491.870698039479,-470.76388393648136,21,-28.094525849002977
1993-036BTZ,2024-02-21T06:59:19.152960,-1572.4950160303742,1140.0587152354512,-6711.119059943838,2,-27.253141513354244
1993-036BUA,2024-02-23T20:29:46.716288,-2977.099208682658,-564.9839074701297,-6406.640677071819,2,-27.21469939613839
1993-036BUC,2024-02-23T13:23:37.343904,3448.428487716094,-4203.168737683765,-4422.520905236531,-1,-28.533618089355702
1993-036BUD,2024-02-21T06:44:25.541088,-6160.181478054325,-1369.5008103627538,-3199.7781073710116,-1,-28.872236402502065
1993-036BUJ,2024-02-23T15:12:39.540672,6217.132362964663,-3129.0321024438117,-582.8372620590452,-1,-28.74891933407547
1993-036BUK,2024-02-21T07:31:30.244800,-5875.024040872241,1725.955925953135,4127.505884519643,12,-27.96053092377968
1993-036BUL,2024-02-23T15:36:23.018688,1322.2320889142054,-6895.789060716577,-716.3684315635811,-1,-29.18143786999247
1993-036BUN,2024-02-23T18:03:17.722944,6542.200037953764,2747.295522997235,636.7113898633477,-1,-28.643992707326767
1993-036BUQ,2024-02-21T20:10:47.129664,106.4015016377831,5673.90440829518,4172.877004348684,8,-27.89677517547544
1993-036BUT,2024-02-15T08:40:37.396416,5023.353396723719,1551.578197042748,-4809.972772402401,-1,-28.179974044199156
1993-036BUV,2024-02-24T00:12:58.226400,1877.6334952995535,412.2817207114505,-6669.238696620273,2,-27.510464685204376
1993-036BUW,2024-02-23T14:47:48.254208,-7035.924572199165,1188.1360516888528,239.3353691483611,-1,-28.38240418729171
1993-036BUX,2024-02-21T06:40:36.184512,2219.9427366267164,-2167.8852666185307,-6431.071292470928,0,-27.443176637256116
1993-036BVC,2024-02-23T22:42:53.004384,-412.05179297189073,-6840.404054512014,-1844.7486858086218,-1,-28.908903136501415
1993-036BVD,2024-02-23T10:41:50.155296,4105.907543448026,5229.002358188195,2358.3727749974887,9,-28.105599801337167
1993-036BVH,2024-02-23T06:54:33.180192,6714.236364208813,821.7674968385609,2342.8253283589906,27,-28.242087029382194
1993-036BVK,2024-02-22T14:26:30.254784,4968.5610414300845,-2984.424008923368,-4173.288761749844,-1,-28.466926112302914
1993-036BVN,2024-02-22T07:43:48.513792,2188.253105217975,5662.652993282283,-3748.2443284977085,39,-27.985710964819315
1993-036BVR,2024-02-13T13:07:28.022304,2069.3048062772045,6749.140831670287,1103.292233458192,40,-28.08534011788234
1993-036BVS,2024-02-23T20:29:31.922880,-385.06992905065647,2383.86626599883,-6661.524223377089,2,-27.303916276496256
1993-036BVT,2024-02-23T12:58:45.399072,1103.3931704464044,-3304.1474507014677,-6983.905175243943,-1,-27.5996459264191
1993-036BVU,2024-02-21T09:18:00.550368,1284.0057140572483,4720.752038053687,5092.698573954501,19,-27.865870840962547
1993-036BVV,2024-02-22T05:38:59.745408,-2420.2401913392837,1420.837335926044,-6531.548279406435,2,-27.25578663725927
1993-036BVX,2024-02-22T11:14:48.153696,-1451.9862757159046,5794.163837238677,3775.665179206144,32,-28.21803100703903
1993-036BWA,2024-02-16T04:46:42.272832,5323.222216506976,-2269.372022991662,3763.160017281035,-1,-28.680567184242662
1993-036BWF,2024-02-23T13:50:34.133280,5513.799187012157,-4019.8500989194695,1945.8645406938097,22,-28.275404754982567
1993-036BWG,2024-02-19T21:13:45.235776,-6731.17486408959,-197.80234846372835,2349.2653953971458,3,-27.95009039991481
1993-036BWM,2024-02-23T17:16:50.288736,2680.5161920572946,-4800.1234673402,4485.4856192596835,14,-28.057770533512
1993-036BWP,2024-02-23T18:23:12.767136,2953.0450682436826,-573.8242695109165,6411.151286803032,7,-27.523244478767477
1993-036BWT,2024-02-24T04:56:01.378464,6402.931674888422,1418.9431276623443,2677.7364173185447,27,-28.17582291441697
1993-036BWW,2024-02-22T06:54:59.388768,5295.437208063859,5020.373835153844,2268.596542734586,9,-28.357566787503618
1993-036BXC,2024-02-21T21:53:16.254816,-2241.279548203865,-1604.5766492141934,6502.361707029583,6,-27.278870769219843
1993-036BXF,2024-02-22T14:36:38.228256,-2009.8050913684358,-993.7630122371028,6813.357886674804,6,-27.33799915646514
1993-036BXG,2024-02-23T10:22:07.219200,2873.6632719903578,5624.134058278423,-3296.5953506591595,10,-28.055265191243066
1993-036BXP,2024-02-22T22:05:04.065216,-1898.5387536345363,413.48287692968046,6754.42204360495,4,-27.132275122459454
1993-036BXR,2024-02-23T10:24:32.155200,5412.050514483321,4466.59061207488,364.8155412598918,-1,-28.761625300731072
1993-036BXS,2024-02-24T07:54:56.852352,-1199.850397289865,-4154.64146223366,-5955.703895258071,0,-27.62423782938307
1993-036BXY,2024-02-22T13:12:42.167520,-4180.5525269493055,994.4640463899883,-5668.4191274626255,-1,-27.980051729460897
1993-036BYA,2024-02-24T00:22:22.159200,-890.0890455901988,-3298.4102279987765,6120.537743782507,6,-27.588444205847924
1993-036BYD,2024-02-13T22:45:42.371712,-1608.0811350257325,-4637.510732089467,5189.478505821305,-1,-28.16946931697963
1993-036BYJ,2024-02-21T09:37:18.928992,2023.1479457235894,6290.992724679519,2397.991389858157,26,-27.926733441586123
